ID	Description	GeneRatio	BgRatio	RichFactor	FoldEnrichment	zScore	pvalue	p.adjust	qvalue	geneID	Count
GO:0098742	cell-cell adhesion via plasma-membrane adhesion molecules	69/3264	198/18773	0.348484848484849	2.0043217097445	6.51747665712028	2.25963728812225e-09	6.99131776945025e-06	5.97733526847497e-06	pcdh8/sdk2b/mipb/clstn1/pcdh1a4/pcdh1a6/pcdh1g1/pcdh1g3/pcdh1g11/pcdh1gb9/pcdh1g18/pcdh1gc5/pcdh1gc6/pcdh1g29/pcdh1g30/pcdh1g31/pcdh1g32/dchs1b/robo3/lrrc4.1/zgc:165604/pcdh10a/tenm3/cdh8/cdh11/cdh5/lrrc4.2/cdhr1a/fat4/pcdh2g17/pcdh2g13/pcdh2g12/pcdh2g9/pcdh2g8/pcdh2g7/pcdh2g5/pcdh2g3/pcdh2g2/pcdh2g1/pcdh2ab12/pcdh2ab10/pcdh2ab9/pcdh2ab7/pcdh2ab5/pcdh2ab3/pcdh2ab2/pcdh2aa15/pcdh2aa3/pcdha8l/pcdh2aa1/si:ch73-233f7.1/pcdh18b/si:ch73-74h11.1/dscamb/dscaml1/esamb/frem2b/robo2/fat3a/clstn2b/notch1b/pcdh17/ptprfb/acvr1l/zeb1a/cadm3/mpz/celsr2/amigo3	69
GO:0007156	homophilic cell adhesion via plasma membrane adhesion molecules	60/3264	167/18773	0.359281437125749	2.06641863332159	6.35035350605868	6.68053894895705e-09	1.03347937540366e-05	8.83589177827845e-06	pcdh8/sdk2b/mipb/clstn1/pcdh1a4/pcdh1a6/pcdh1g1/pcdh1g3/pcdh1g11/pcdh1gb9/pcdh1g18/pcdh1gc5/pcdh1gc6/pcdh1g29/pcdh1g30/pcdh1g31/pcdh1g32/dchs1b/robo3/pcdh10a/tenm3/cdh8/cdh11/cdh5/cdhr1a/fat4/pcdh2g17/pcdh2g13/pcdh2g12/pcdh2g9/pcdh2g8/pcdh2g7/pcdh2g5/pcdh2g3/pcdh2g2/pcdh2g1/pcdh2ab12/pcdh2ab10/pcdh2ab9/pcdh2ab7/pcdh2ab5/pcdh2ab3/pcdh2ab2/pcdh2aa15/pcdh2aa3/pcdha8l/pcdh2aa1/si:ch73-233f7.1/pcdh18b/si:ch73-74h11.1/dscamb/dscaml1/esamb/frem2b/robo2/fat3a/clstn2b/pcdh17/cadm3/celsr2	60
GO:0048705	skeletal system morphogenesis	74/3264	237/18773	0.312236286919831	1.79583695292463	5.65625151947613	1.20249159411496e-07	0.000124016966406389	0.00010603022371968	hoxa11a/hoxa3a/rbm24a/hcfc1b/mmp9/prdm16/gfpt1/hoxd3a/hoxd4a/hoxd11a/fn1a/zic2a/med14/nog3/kif5bb/foxi1/cxcr4a/foxd3/prdm5/ptpn11b/hoxc9a/hoxc3a/hoxc4a/tln1/nipblb/kdm2bb/mef2ca/waslb/wnt16/atp2b1a/gata3/hmgcrb/specc1lb/gria2a/mab21l2/hand2/htt/pard3aa/bmp6/aldh1a2/shha/piezo1/fgf3/sec24d/pygo1/sema3d/bicra/ilvbl/jag1b/disc1/lbh/polr1a/egr1/nkx2.5/pitx2/fam20b/gja1b/vgll2a/bmp2b/mecom/rad21a/rbm24b/kat6a/fsta/scfd1/meis2a/smarca4a/hoxb3a/xylt1/fscn1a/chd5/cdkl5/chd7/pkn2a	74
GO:0048706	embryonic skeletal system development	69/3264	218/18773	0.31651376146789	1.82043898407987	5.58962284797695	1.78200445748795e-07	0.000137838044786693	0.000117846768464927	hoxa11a/hoxa3a/rbm24a/hcfc1b/col2a1a/itpr3/prdm16/gfpt1/hoxd3a/hoxd4a/hoxd11a/fn1a/zic2a/med14/nog3/foxi1/cxcr4a/prdm5/sulf2b/ptpn11b/hoxc9a/hoxc3a/hoxc4a/tln1/nipblb/kdm2bb/wnt16/gata3/hmgcrb/gria2a/mab21l2/hand2/htt/pard3aa/aldh1a2/irx5a/shha/fgf3/sec24d/pygo1/sema3d/bicra/ilvbl/disc1/lbh/polr1a/egr1/nkx2.5/pitx2/fam20b/gja1b/vgll2a/bmp2b/mecom/rad21a/rbm24b/kat6a/myhz2/fsta/scfd1/meis2a/smarca4a/hoxb3a/xylt1/fscn1a/chd5/cdkl5/chd7/pkn2a	69
GO:0061061	muscle structure development	118/3264	437/18773	0.270022883295195	1.55304521694261	5.36645520811083	2.64455605974858e-07	0.000144638456842984	0.000123660885941012	col22a1/ngly1/pleca/plekho1a/rbm24a/smyd1b/unc45b/ptch1/pgm5/gfpt1/gja3/neb/myl1/spegb/itga3b/cyp26a1/erbb2/mrtfba/ldb3b/kif5bb/dock1/cxcr4a/desmb/tomm70a/mybphb/mybpha/lamb2/smad4a/tln1/loxa/ryr1a/mef2ca/grk3/csrp2/waslb/lmod2b/ngs/flncb/tnnt2c/myf5/chchd10/pgam2/actn3a/dusp27/blzf1/tmod1/gne/pdlim3a/hhip/hand2/dnm2b/col15a1a/itgb1a/cavin4b/obscnb/mybpc2b/smyhc1/smyhc2/actn3b/gjd6/pygmb/sox6/tnnt3b/dnajb6b/shha/smarcd3b/myo9aa/mef2aa/nr2f2/ryr1b/pdlim1/six1a/hs3st1l1/nkx2.5/fhl1a/sgcb/ryr3/bmp2b/hsp90ab1/hnrnpl2/fkrp/flot2b/postnb/nphs1/myo9ab/tnnt2d/tnnt3a/myod1/lamb1a/fbxo32/mef2d/washc5/rbm24b/golga2/myhz2/dab2/hmgcra/mymk/selenon/fermt2/rbfox1/thraa/axin1/itga7/dyrk3/klhl40a/myh7/myh7l/ppp2r3a/myom1a/ptch2/prmt5/cavin4a/atp1a2a/klf2b/capzb/hdgfl2/fxr1	118
GO:0090596	sensory organ morphogenesis	98/3264	347/18773	0.282420749279539	1.62435193818161	5.38538948498148	2.93123083850252e-07	0.000144638456842984	0.000123660885941012	ehmt2/pim1/med27/foxe3/adamts10/col2a1a/ptch1/lmx1bb/agtpbp1/ift122/ubr3/fn1a/gja3/epb41l5/zic2a/bbs5/med24/foxh1/cdk5r1b/foxi1/bcl6aa/pomgnt1/mitfa/tfap2c/mipb/rerea/agrn/mipa/tln1/synj1/lum/gata3/wwc1/cul4a/atp1a1a.1/abcb6a/mab21l2/cct4/eya1/cdk5/lama1/dctn1a/ext2/aldh1a2/shha/tubgcp4/fgf3/fbn1/bbs2/veph1/znf503/emx2/cdhr1a/pax2a/wnt8b/jag1b/eys/egr1/sparc/cyfip2/pitx2/grxcr1a/myo6a/bmp2b/ift80/hnf1ba/lhx1a/dharma/pax6a/lamb1a/irx2a/foxn4/crx/fsta/nid2a/otx1/foxg1a/myo6b/exoc5/smarca4a/arl6ip1/cpsf4/axin1/dnmt1/ush1ga/mcrs1/pcdh17/kif17/cdc42/npc1/chd7/xirp1/epha4a/prss56/mfap2/ttc39c/cpamd8/sox2	98
GO:0001501	skeletal system development	116/3264	430/18773	0.269767441860465	1.5515760373917	5.30814631134351	3.51222531586729e-07	0.000144638456842984	0.000123660885941012	col11a2/hoxa11a/hoxa3a/matn1/rbm24a/hcfc1b/sin3b/col2a1a/itpr3/mmp9/prdm16/gfpt1/hoxd3a/hoxd4a/hoxd11a/fn1a/zic2a/med14/lss/rdh1/smarcal1/cnmd/col1a1b/trrap/nog3/kif5bb/foxi1/cxcr4a/foxd3/l1camb/prdm5/sulf2b/rerea/ptpn11b/hoxc9a/hoxc3a/hoxc4a/tln1/loxa/nipblb/kdm2bb/vcanb/mef2ca/waslb/wnt16/atp2b1a/sox5/gata3/hmgcrb/specc1lb/esrra/msmo1/gria2a/mab21l2/hand2/htt/nrp1a/pard3aa/bmp6/col11a1a/nog2/b3gat3/ext2/sox6/aldh1a2/irx5a/atg13/shha/piezo1/fgf3/sec24d/pygo1/sema3d/bicra/ilvbl/jag1b/disc1/lbh/csf1ra/polr1a/egr1/nkx2.5/sparc/pitx2/fam20b/gja1b/vgll2a/bmp2b/mecom/fat3a/mpi/unc45a/hapln3/rad21a/rbm24b/kat6a/myhz2/fsta/scfd1/meis2a/smarca4a/hoxb3a/xylt1/fscn1a/dnmt1/srebf1/chd5/cdkl5/megf6b/chd7/pkn2a/and2/pappa2/acvr1l/hapln4/ncl	116
GO:0048592	eye morphogenesis	76/3264	253/18773	0.300395256916996	1.7277328915756	5.34626182129566	4.62442449955818e-07	0.000144638456842984	0.000123660885941012	ehmt2/pim1/med27/foxe3/adamts10/col2a1a/ptch1/lmx1bb/agtpbp1/ift122/ubr3/fn1a/gja3/epb41l5/zic2a/bbs5/med24/foxh1/cdk5r1b/bcl6aa/pomgnt1/mitfa/mipb/rerea/agrn/mipa/tln1/synj1/lum/abcb6a/mab21l2/cct4/cdk5/lama1/dctn1a/aldh1a2/shha/tubgcp4/fgf3/fbn1/bbs2/znf503/cdhr1a/pax2a/wnt8b/eys/egr1/cyfip2/pitx2/ift80/lhx1a/dharma/pax6a/lamb1a/irx2a/foxn4/crx/nid2a/foxg1a/exoc5/smarca4a/arl6ip1/cpsf4/axin1/dnmt1/mcrs1/pcdh17/kif17/cdc42/chd7/xirp1/epha4a/prss56/mfap2/cpamd8/sox2	76
GO:0048704	embryonic skeletal system morphogenesis	63/3264	198/18773	0.318181818181818	1.8300328654189	5.38644118963287	4.87627317252253e-07	0.000144638456842984	0.000123660885941012	hoxa11a/hoxa3a/rbm24a/hcfc1b/prdm16/gfpt1/hoxd3a/hoxd4a/hoxd11a/fn1a/zic2a/med14/nog3/foxi1/cxcr4a/prdm5/ptpn11b/hoxc9a/hoxc3a/hoxc4a/tln1/nipblb/kdm2bb/gata3/hmgcrb/gria2a/mab21l2/hand2/htt/pard3aa/aldh1a2/shha/fgf3/sec24d/pygo1/sema3d/bicra/ilvbl/disc1/lbh/polr1a/egr1/nkx2.5/pitx2/fam20b/gja1b/vgll2a/bmp2b/mecom/rad21a/rbm24b/kat6a/fsta/scfd1/meis2a/smarca4a/hoxb3a/xylt1/fscn1a/chd5/cdkl5/chd7/pkn2a	63
GO:0045595	regulation of cell differentiation	126/3264	479/18773	0.263048016701461	1.51292904949036	5.21685979403376	4.93015276012194e-07	0.000144638456842984	0.000123660885941012	erf/nelfe/tmem64/heyl/pithd1/rbm24a/smyd1b/foxe3/mmp9/dcaf1/cdca7a/tent5c/olig2/med14/lss/ccdc141/csf3a/nog3/myh11a/inpp5d/bcl6aa/brinp3a.2/her6/p4htmb/mitfa/l1camb/pax7b/dip2ba/neurod4/casz1/hoxc9a/gpr182/gdnfa/smad2/nipblb/nf1b/vcanb/mef2ca/wnt16/sox5/myf5/gata3/add1/ulk1b/dusp4/fgfr4/msmo1/ezh2/nog2/lama1/fxr2/nelfa/sox6/irx5a/atg13/fgf3/zfhx3b/prtga/swap70b/tph2/bbs2/il34/nudt21/ppp1r13l/fgfr3/gdf10a/six1a/osr1/lgmn/gpr137ba/csf1ra/phf6/glra4a/enpp1/bmp2b/hnrnpl2/dscamb/foxl2a/her8.2/fkrp/numbl/flot2b/supt5h/ulk2/lhx1a/gdpd5b/nf1a/brca2/robo2/tiam1b/mdkb/hapln3/myod1/washc5/oxr1a/rbm24b/tncb/dab2/adora2b/mymk/gsc/kdm1a/pax9/tiam2a/eftud2/nlk1/thraa/lfng/id1/cntn2/cdkl5/irf2bp2b/mafgb/brinp3b/chd7/ptbp1a/prmt5/epha4a/epha4b/klf2b/foxl2b/hapln4/ap3d1/lpar3/fxr1/tm4sf4	126
GO:0048863	stem cell differentiation	80/3264	271/18773	0.29520295202952	1.6978691845742	5.30869505161133	5.14228514955663e-07	0.000144638456842984	0.000123660885941012	il6/nelfe/rbm24a/col2a1a/sema3gb/sema3b/ptch1/prdm16/cdca7a/fn1a/zic2a/sf3b1/med14/erbb2/csf3a/psmd11b/foxi1/cxcr4a/foxd3/tfap2c/plcg1/gpr182/plod3/gdnfa/tln1/nrarpa/wnt16/sema3aa/prickle1b/myf5/hmgcrb/fgfr4/gria2a/hand2/esf1/dla/nrp1a/shha/fgf3/ctr9/kctd15b/wtip/sema3d/sema3ab/sema3e/tph2/nudt21/sema4ba/wdr11/epas1b/fgfr3/osr1/disc1/lbh/polr1a/hif1ab/kita/vgll2a/bmp2b/fosab/supt5h/dlc/pax6a/kctd15a/kat6a/tncb/adora2b/notch1b/pnn/atp6v0a1a/smarca4a/arl6ip1/ap2a1/thraa/psmd11a/fscn1a/chd7/ptch2/chd8/capzb	80
GO:0060485	mesenchyme development	73/3264	251/18773	0.290836653386454	1.67275627880634	4.9225386000132	2.90241550901195e-06	0.000655193836245766	0.00056016810481598	col2a1a/sema3gb/sema3b/fn1a/slc39a10/zic2a/sf3b1/med14/erbb2/foxi1/cxcr4a/foxd3/tfap2c/plod3/gdnfa/tln1/nrarpa/gpr22a/sema3aa/prickle1b/myf5/hmgcrb/gria2a/hand2/esf1/dla/nrp1a/aldh1a2/fgf3/ctr9/kctd15b/wtip/sema3d/sema3ab/sema3e/tle3a/sema4ba/wdr11/disc1/lbh/polr1a/hif1ab/vgll2a/bmp2b/prkd2/dlc/dharma/mdkb/pax6a/fgf6a/kctd15a/lamb1a/kat6a/tncb/dab2/pnn/gsc/ikzf5/mmd/atp6v0a1a/smarca4a/arl6ip1/thraa/fscn1a/rargb/gadd45aa/chd7/prrx1a/chd8/acvr1l/slc39a6/capzb/ncln	73
GO:0098609	cell-cell adhesion	117/3264	452/18773	0.258849557522124	1.48878147774597	4.82556111130911	2.91848496460847e-06	0.000655193836245766	0.00056016810481598	dock8/fn1a/itgb5/dcbld2/itga4/pcdh8/itga3b/itgb3b/sdk2b/lpp/pkp1b/l1camb/mipb/clstn1/tln1/itga2.2/nrarpa/tjp2a/pcdh1a4/pcdh1a6/pcdh1g1/pcdh1g3/pcdh1g11/pcdh1gb9/pcdh1g18/pcdh1gc5/pcdh1gc6/pcdh1g29/pcdh1g30/pcdh1g31/pcdh1g32/dchs1b/robo3/hhla2a.1/b2m/nrcama/lrrc4.1/efna5a/zgc:165604/pcdh10a/tenm3/htt/ctnna2/il15/zmp:0000001082/itgb1a/tln2a/tjp1a/igdcc3/cdh8/cdh11/cdh5/nedd4a/prtga/lrrc4.2/cdhr1a/vsir/fat4/pcdh2g17/pcdh2g13/pcdh2g12/pcdh2g9/pcdh2g8/pcdh2g7/pcdh2g5/pcdh2g3/pcdh2g2/pcdh2g1/pcdh2ab12/pcdh2ab10/pcdh2ab9/pcdh2ab7/pcdh2ab5/pcdh2ab3/pcdh2ab2/pcdh2aa15/pcdh2aa3/pcdha8l/pcdh2aa1/si:ch73-233f7.1/nlgn3a/dlg3/pcdh18b/ctnna1/si:ch73-74h11.1/dscamb/dscaml1/esamb/lgals9l3/frem2b/mecom/nphs1/robo2/fat3a/clstn2b/prtgb/itga10/tet3/arvcfb/adora2b/notch1b/gsc/itga3a/si:ch73-208g10.1/adgrl2a/cntn2/pcdh17/ephb3a/ptprfb/acvr1l/itgb1b.2/zeb1a/cadm3/mpz/celsr2/tjp3/amigo3	117
GO:0031345	negative regulation of cell projection organization	13/3264	20/18773	0.65	3.73849571078431	5.62121421562688	2.96467799206229e-06	0.000655193836245766	0.00056016810481598	sfpq/bcl11ab/fignl2/dip2ba/arhgap24/ulk1b/si:ch211-247j9.1/ulk2/robo2/tncb/epha4a/epha4b/capzb	13
GO:1904888	cranial skeletal system development	74/3264	256/18773	0.2890625	1.66255217907475	4.8965839629929	3.18653900422004e-06	0.000657276778603787	0.000561948948603857	rbm24a/hcfc1b/prdm16/gfpt1/fn1a/zic2a/med14/taok2b/nog3/foxi1/cxcr4a/psmd12/her6/prdm5/ptpn11b/tln1/nipblb/usp25/kdm2bb/gata3/usp15/hmgcrb/specc1lb/gria2a/mab21l2/hand2/htt/pard3aa/aldh1a2/esrp2/shha/fgf3/sec24d/pygo1/nr2f2/bicra/ilvbl/tnfaip3/jag1b/disc1/lbh/polr1a/egr1/nkx2.5/pitx2/fam20b/zyg11/nek1/vgll2a/bmp2b/mecom/rad21a/rbm24b/kat6a/myo1ha/fsta/usp39/scfd1/meis2a/kctd13/sez6l2/smarca4a/taok2a/xylt1/usp7/fscn1a/usp36/chd5/cdkl5/itpr1b/chd7/pkn2a/prrx1a/vcpip1	74
GO:0009150	purine ribonucleotide metabolic process	56/3264	180/18773	0.311111111111111	1.78936546840959	4.88177873810978	4.45474126143281e-06	0.000861435591429569	0.000736497683551358	atp5if1a/ampd1/si:dkey-190g11.3/impdh2/si:dkey-219c10.4/gucy2cb/adkb/scn1lab/adcy6a/eno1a/adcy6b/pfkma/impdh1b/atp5f1c/atp5fa1/pgam2/atp5pf/nt5c2b/si:dkey-22n8.3/pgam1b/pfkpa/atp6v1ab/adcy7/gc2/ampd3a/pkma/impdh1a/ampd3b/gmps/adss2/hk1/nt5c2a/pgam1a/nme5/enpp1/nme6/pfas/paics/aldoca/gucy2f/adpgk/pkmb/adcy3a/adcy2a/gapdh/pklr/atp6v1aa/npr2/dlst/nme3/pde4a/atp5f1b/adcy1b/pde4bb/adcy8/pfkpb	56
GO:0048565	digestive tract development	40/3264	115/18773	0.347826086956522	2.00053282182438	4.93726190388148	5.25635569741683e-06	0.000956656736929863	0.000817908474774519	pard6gb/mtor/med24/wnt3/nog3/ap1m2/myh11a/nipblb/gpr22a/myf5/nup54/klf5a/hand2/ppm1kb/tsc2/ezh2/aldh1a2/celf1/shha/wtip/slc12a3/epas1b/rab11fip5a/pitx2/rab11fip5b/hnf1ba/ercc2/myod1/cnot3a/tbx20/rps6ka3a/ruvbl2/mgaa/ikzf5/fscn1a/dnmt1/rargb/chd7/chd8/stk11	40
GO:2000026	regulation of multicellular organismal development	114/3264	446/18773	0.255605381165919	1.47012249406489	4.60968469829394	7.30678702751177e-06	0.00125595550350675	0.00107379858480334	erf/nelfe/tmem64/heyl/mtdha/elmo1/pithd1/abcd1/foxe3/mmp9/aplnra/mtor/olig2/med14/lss/cnmd/itga3b/csf3a/becn1/ptenb/thbs2b/myh11a/abcc6a/inpp5d/bcl6aa/her6/p4htmb/ruvbl1/l1camb/plcg1/dip2ba/neurod4/clstn1/gdnfa/aplnrb/nipblb/vcanb/wnt16/sox5/gata3/add1/ulk1b/esrra/msmo1/fbxw7/itgb1a/nrp1a/ezh2/gbx1/lama1/fxr2/nelfa/sox6/irx5a/atg13/shha/cdh5/fgf3/prtga/swap70b/il34/trip12/ism1/thbs2a/lgmn/adgrb3/disc1/gpr137ba/csf1ra/phf6/enpp1/hif1ab/dscamb/her8.2/numbl/ulk2/lhx1a/si:dkey-23k10.3/robo2/clstn2b/tiam1b/hapln3/mir125a-1/tbx20/tncb/ruvbl2/tars1/kdm1a/pax9/tiam2a/vash1/phospho1/nlk1/srebf1/iars1/gata2a/id1/cntn2/cdkl5/irf2bp2b/mafgb/ephb3a/chd7/ankhb/epha4a/epha4b/zeb1a/per2/hapln4/lpar3/amigo3/ncl/fxr1/tm4sf4	114
GO:0006163	purine nucleotide metabolic process	67/3264	231/18773	0.29004329004329	1.6681932242594	4.68779076152309	8.04390637341845e-06	0.00129783425036415	0.00110960346720821	atp5if1a/gmpr/ampd1/si:dkey-190g11.3/impdh2/nadka/si:dkey-219c10.4/gucy2cb/adkb/scn1lab/adcy6a/eno1a/adcy6b/pfkma/pgd/nampt1/impdh1b/atp5f1c/atp5fa1/pgam2/atp5pf/nt5c2b/si:dkey-22n8.3/mdh1aa/pgam1b/pfkpa/atp6v1ab/adcy7/gc2/ampd3a/pkma/impdh1a/ampd3b/gmps/haao/adss2/hk1/nt5c2a/pgam1a/nme5/prps1b/enpp1/nme6/pfas/paics/aldoca/gucy2f/adpgk/pkmb/adcy3a/adcy2a/gapdh/pklr/prps1a/atp6v1aa/npr2/dlst/nme3/aspdh/pde4a/atp5f1b/tkta/adcy1b/pde4bb/adcy8/pfkpb/gpd1b	67
GO:0019693	ribose phosphate metabolic process	61/3264	205/18773	0.297560975609756	1.71143143232903	4.69857177854467	8.38936167009792e-06	0.00129783425036415	0.00110960346720821	atp5if1a/ctps1a/ampd1/si:dkey-190g11.3/impdh2/upp2/si:dkey-219c10.4/gucy2cb/adkb/scn1lab/adcy6a/eno1a/adcy6b/pfkma/impdh1b/atp5f1c/atp5fa1/pgam2/atp5pf/nt5c2b/si:dkey-22n8.3/pgam1b/pfkpa/atp6v1ab/adcy7/gc2/ampd3a/pkma/impdh1a/ampd3b/gmps/adss2/hk1/nt5c2a/pgam1a/nme5/prps1b/enpp1/nme6/pfas/paics/aldoca/gucy2f/adpgk/pkmb/adcy3a/adcy2a/gapdh/ctps1b/pklr/prps1a/atp6v1aa/npr2/dlst/nme3/pde4a/atp5f1b/adcy1b/pde4bb/adcy8/pfkpb	61
GO:0051093	negative regulation of developmental process	48/3264	150/18773	0.32	1.84049019607843	4.7412396720858	8.99560225751266e-06	0.00131569150273917	0.00112487080134166	phf14/sfpq/foxe3/mmp9/ptch1/dcaf1/tent5c/cnmd/ptenb/thbs2b/nog3/bcl11ab/inpp5d/her6/fignl2/dip2ba/hoxc9a/gpr182/ulk1b/dusp4/wwc1/hhip/nog2/cdh5/prtga/ism1/thbs2a/lgmn/adgrb3/gpr137ba/enpp1/bmp2b/foxl2a/ulk2/robo2/mir125a-1/tncb/crx/lfng/id1/irf2bp2b/ptch2/epha4a/epha4b/per2/klf2b/foxl2b/tm4sf4	48
GO:0014033	neural crest cell differentiation	52/3264	167/18773	0.311377245508982	1.79089614887871	4.70966089209888	9.35527248230829e-06	0.00131569150273917	0.00112487080134166	col2a1a/sema3gb/sema3b/fn1a/zic2a/sf3b1/med14/erbb2/foxi1/cxcr4a/foxd3/tfap2c/plod3/gdnfa/tln1/nrarpa/sema3aa/prickle1b/myf5/hmgcrb/gria2a/esf1/dla/nrp1a/fgf3/ctr9/kctd15b/wtip/sema3d/sema3ab/sema3e/sema4ba/wdr11/disc1/lbh/polr1a/hif1ab/vgll2a/bmp2b/pax6a/kctd15a/kat6a/tncb/pnn/atp6v0a1a/smarca4a/arl6ip1/thraa/fscn1a/chd7/chd8/capzb	52
GO:0048762	mesenchymal cell differentiation	58/3264	193/18773	0.300518134715026	1.7284396271462	4.66646285180815	9.94594089192786e-06	0.00133794526607064	0.00114389700052241	col2a1a/sema3gb/sema3b/fn1a/slc39a10/zic2a/sf3b1/med14/erbb2/foxi1/cxcr4a/foxd3/tfap2c/plod3/gdnfa/tln1/nrarpa/sema3aa/prickle1b/myf5/hmgcrb/gria2a/esf1/dla/nrp1a/fgf3/ctr9/kctd15b/wtip/sema3d/sema3ab/sema3e/sema4ba/wdr11/disc1/lbh/polr1a/hif1ab/vgll2a/bmp2b/mdkb/pax6a/kctd15a/kat6a/tncb/dab2/pnn/gsc/atp6v0a1a/smarca4a/arl6ip1/thraa/fscn1a/chd7/prrx1a/chd8/slc39a6/capzb	58
GO:0055001	muscle cell development	70/3264	247/18773	0.283400809716599	1.62998878701278	4.57223892088708	1.21561565574209e-05	0.00156713118286085	0.00133984304512276	rbm24a/smyd1b/unc45b/pgm5/neb/itga3b/cyp26a1/erbb2/cxcr4a/tomm70a/mybphb/mybpha/tln1/ryr1a/mef2ca/grk3/csrp2/lmod2b/flncb/tnnt2c/myf5/chchd10/actn3a/dusp27/tmod1/gne/dnm2b/cavin4b/obscnb/mybpc2b/smyhc1/smyhc2/actn3b/gjd6/pygmb/tnnt3b/dnajb6b/shha/myo9aa/mef2aa/nr2f2/ryr1b/six1a/hs3st1l1/ryr3/bmp2b/hnrnpl2/fkrp/nphs1/myo9ab/tnnt2d/tnnt3a/myod1/mef2d/washc5/myhz2/mymk/selenon/thraa/axin1/dyrk3/klhl40a/myh7/myh7l/ppp2r3a/myom1a/prmt5/cavin4a/capzb/fxr1	70
GO:0061564	axon development	124/3264	500/18773	0.248	1.42637990196078	4.43317882610851	1.4147391052707e-05	0.00168495133091146	0.00144057520313697	trim46b/cpsf1/ngly1/si:dkeyp-92c9.2/pard6gb/sfpq/trioa/lhx2b/col2a1a/sema3gb/sema3b/atoh1a/mfn2/olig2/gpm6bb/rac3b/brsk1a/erbb2/atoh1c/cdk5r1b/plxna1b/kalrnb/htr2ab/dock7/rgs4/cyfip1/l1camb/lamb2/lamb2l/uba1/agrn/fignl2/dip2ba/neurod4/kif1b/clstn1/plod3/dpysl2b/efnb3a/robo3/dclk1a/exosc8/hmgb1a/sema3aa/nrcama/ulk1b/chchd10/efna5a/rb1/nrxn2a/casp3a/tenm3/ctnna2/pnpla6/nrp1a/prdm14/bhlhe22/ntng1a/cdk5/lama1/efnb3b/ext2/shha/cdh11/map1aa/ist1/myo9aa/sema3d/sema3ab/sema3e/sema4ba/olig3/neurog3/wnt8b/lgmn/atl1/crtac1b/phox2bb/rab33a/cyfip2/hif1ab/epha7/col12a1b/dscamb/dscaml1/ulk2/lhx1a/pitpnaa/robo2/robo1/tiam1b/myo9ab/lamb1a/isl2a/kif15/sim1a/triob/washc5/dcc/tncb/rufy3/notch1b/evla/tiam2a/kctd13/mapk8ip3/tlcd3ba/coro1a/brsk1b/rab3ab/cntn2/cdkl5/pcdh17/mst1rb/adcy1b/ephb3a/usp33/ptprfb/ptch2/epha4a/epha4b/adcy8/lhx9/sox2	124
GO:0060537	muscle tissue development	72/3264	257/18773	0.280155642023346	1.61132410162509	4.52692129312752	1.41592548816089e-05	0.00168495133091146	0.00144057520313697	ngly1/pleca/rbm24a/smyd1b/unc45b/pgm5/aplnra/prdm16/gfpt1/gja3/neb/myl1/itga3b/cyp26a1/erbb2/kif5bb/tomm70a/smad4a/tln1/aplnrb/ryr1a/mef2ca/csrp2/myf5/hand2/col15a1a/cavin4b/mybpc2b/smyhc1/gjd6/pygmb/sox6/dnajb6b/shha/smarcd3b/myo9aa/nr2f2/ryr1b/six1a/hs3st1l1/nkx2.5/fhl1a/ryr3/bmp2b/hnrnpl2/fkrp/nphs1/myo9ab/myod1/fbxo32/tbx20/washc5/rbm24b/golga2/myhz2/dab2/hmgcra/npr2/mymk/chrm3a/selenon/fermt2/smarca4a/rbfox1/itga7/klhl40a/myh7/prmt5/zeb1a/atp1a2a/klf2b/fxr1	72
GO:0009259	ribonucleotide metabolic process	59/3264	200/18773	0.295	1.6967018995098	4.54422067094878	1.55992430106857e-05	0.00178755769907635	0.00152830010471162	atp5if1a/ctps1a/ampd1/si:dkey-190g11.3/impdh2/upp2/si:dkey-219c10.4/gucy2cb/adkb/scn1lab/adcy6a/eno1a/adcy6b/pfkma/impdh1b/atp5f1c/atp5fa1/pgam2/atp5pf/nt5c2b/si:dkey-22n8.3/pgam1b/pfkpa/atp6v1ab/adcy7/gc2/ampd3a/pkma/impdh1a/ampd3b/gmps/adss2/hk1/nt5c2a/pgam1a/nme5/enpp1/nme6/pfas/paics/aldoca/gucy2f/adpgk/pkmb/adcy3a/adcy2a/gapdh/ctps1b/pklr/atp6v1aa/npr2/dlst/nme3/pde4a/atp5f1b/adcy1b/pde4bb/adcy8/pfkpb	59
GO:0051146	striated muscle cell differentiation	69/3264	245/18773	0.281632653061224	1.61981917767107	4.47994034014804	1.75193005150064e-05	0.00193588270690821	0.00165511286444402	plekho1a/rbm24a/smyd1b/unc45b/pgm5/neb/itga3b/cyp26a1/erbb2/dock1/cxcr4a/tomm70a/mybphb/mybpha/tln1/ryr1a/mef2ca/csrp2/waslb/lmod2b/flncb/tnnt2c/myf5/chchd10/pgam2/dusp27/tmod1/hand2/cavin4b/obscnb/mybpc2b/smyhc1/smyhc2/gjd6/pygmb/tnnt3b/dnajb6b/shha/smarcd3b/myo9aa/mef2aa/nr2f2/ryr1b/six1a/hs3st1l1/nkx2.5/ryr3/bmp2b/hnrnpl2/fkrp/nphs1/myo9ab/tnnt2d/tnnt3a/myod1/mef2d/washc5/rbm24b/myhz2/dab2/mymk/selenon/thraa/klhl40a/myh7/myh7l/ppp2r3a/myom1a/prmt5	69
GO:0009117	nucleotide metabolic process	76/3264	277/18773	0.274368231046931	1.57803762299144	4.44626693601667	1.85254116526792e-05	0.00197646978115136	0.0016898134113678	atp5if1a/ctps1a/gmpr/ampd1/si:dkey-190g11.3/impdh2/nadka/upp2/si:dkey-219c10.4/gucy2cb/adkb/scn1lab/adcy6a/eno1a/adcy6b/pfkma/pgd/nampt1/dera/impdh1b/atp5f1c/atp5fa1/pgam2/rrm1/atp5pf/nt5c2b/si:dkey-22n8.3/mdh1aa/pgam1b/pfkpa/atp6v1ab/adcy7/gc2/ampd3a/kars1/dut/pkma/impdh1a/ampd3b/gmps/haao/adss2/hk1/nt5c2a/pgam1a/nme5/prps1b/enpp1/nme6/pfas/paics/aldoca/gucy2f/adpgk/pkmb/adcy3a/adcy2a/gapdh/ctps1b/pklr/prps1a/atp6v1aa/npr2/cmpk2/dlst/nme3/aspdh/pde4a/atp5f1b/tkta/park7/adcy1b/pde4bb/adcy8/pfkpb/gpd1b	76
GO:0048667	cell morphogenesis involved in neuron differentiation	121/3264	489/18773	0.247443762781186	1.42318068587353	4.34993844295867	1.99559786923338e-05	0.00205812660246936	0.00175962717381876	trim46b/cpsf1/ngly1/si:dkeyp-92c9.2/pard6gb/sfpq/trioa/lzts3b/lhx2b/col2a1a/sema3gb/lhfpl5b/sema3b/lzts1/mfn2/ift122/rac3b/brsk1a/cdk5r1b/plxna1b/kalrnb/htr2ab/dock7/rgs4/cyfip1/l1camb/lamb2/lamb2l/uba1/agrn/dip2ba/kif1b/clstn1/plod3/dpysl2b/efnb3a/robo3/dclk1a/exosc8/prmt8b/sema3aa/nrcama/ulk1b/chchd10/efna5a/rb1/nrxn2a/casp3a/tenm3/ctnna2/pnpla6/nrp1a/prdm14/ntng1a/cdk5/lama1/efnb3b/ext2/shha/cdh11/map1aa/ist1/myo9aa/nedd4a/sema3d/sema3ab/sema3e/sema4ba/emx2/wnt8b/atl1/phox2bb/rab33a/cyfip2/grxcr1a/hif1ab/epha7/dock10/dscamb/dscaml1/ulk2/lhx1a/pitpnaa/robo2/robo1/tiam1b/myo9ab/lamb1a/isl2a/kif15/sim1a/triob/washc5/dcc/tncb/rufy3/notch1b/evla/tiam2a/kctd13/mapk8ip3/tlcd3ba/coro1a/brsk1b/arhgap44a/ush1ga/rab3ab/cntn2/cdkl5/pcdh17/mst1rb/adcy1b/ephb3a/usp33/ptprfb/ptch2/epha4a/epha4b/adcy8/lhx9/sox2	121
GO:0014706	striated muscle tissue development	69/3264	247/18773	0.279352226720648	1.6067032329126	4.40324048957196	2.34139744295069e-05	0.00233686570596433	0.00199793948187948	ngly1/pleca/rbm24a/smyd1b/unc45b/pgm5/aplnra/prdm16/gfpt1/gja3/neb/myl1/itga3b/cyp26a1/erbb2/kif5bb/tomm70a/smad4a/tln1/aplnrb/ryr1a/mef2ca/myf5/hand2/col15a1a/cavin4b/smyhc1/gjd6/pygmb/sox6/dnajb6b/shha/smarcd3b/myo9aa/nr2f2/ryr1b/six1a/hs3st1l1/nkx2.5/fhl1a/ryr3/bmp2b/hnrnpl2/fkrp/nphs1/myo9ab/myod1/fbxo32/tbx20/washc5/rbm24b/golga2/myhz2/dab2/hmgcra/npr2/mymk/chrm3a/selenon/fermt2/smarca4a/rbfox1/itga7/klhl40a/myh7/prmt5/atp1a2a/klf2b/fxr1	69
GO:0048562	embryonic organ morphogenesis	118/3264	477/18773	0.247379454926625	1.422810817199	4.29107053458219	2.54689706061325e-05	0.00246253109548044	0.00210537905043457	hoxa11a/hoxa3a/rbm24a/hcfc1b/lmx1bb/prdm16/gfpt1/hoxd3a/hoxd4a/hoxd11a/fn1a/epb41l5/zic2a/med14/bbs5/foxh1/myo1d/nog3/foxi1/cxcr4a/mitfa/tfap2c/prdm5/rerea/ptpn11b/hoxc9a/hoxc3a/hoxc4a/tln1/nipblb/kdm2bb/gpr22a/apex1/ngs/lum/gata3/hmgcrb/wwc1/cul4a/atp1a1a.1/gria2a/mab21l2/hand2/htt/pard3aa/eya1/ext2/aldh1a2/shha/fgf3/sec24d/wtip/pygo1/sema3d/zfpm1/dre-mir-138/veph1/bicra/ilvbl/znf503/emx2/pax2a/wnt8b/jag1b/disc1/lbh/polr1a/egr1/nkx2.5/sparc/pitx2/grxcr1a/myo6a/meis2b/fam20b/gja1b/vgll2a/bmp2b/nek8/hnf1ba/dharma/mecom/mical2b/lamb1a/hace1/cep162/tbx20/rad21a/rbm24b/kat6a/foxn4/fsta/mgaa/nid2a/otx1/scfd1/myo6b/meis2a/smarca4a/hoxb3a/xylt1/fscn1a/axin1/ush1ga/chd5/cdkl5/npc1/chd7/pkn2a/prrx1a/ppp2r3a/epha4a/acvr1l/atp1a2a/mfap2/dstyk/ttc39c/ncl	118
GO:0042692	muscle cell differentiation	81/3264	303/18773	0.267326732673267	1.53753822073384	4.32748594275734	2.78284476493183e-05	0.00260912778869669	0.00223071416085285	plekho1a/rbm24a/smyd1b/unc45b/pgm5/neb/itga3b/cyp26a1/erbb2/mrtfba/dock1/cxcr4a/tomm70a/mybphb/mybpha/tln1/ryr1a/mef2ca/grk3/csrp2/waslb/lmod2b/flncb/tnnt2c/myf5/chchd10/pgam2/actn3a/dusp27/tmod1/gne/hand2/dnm2b/cavin4b/obscnb/mybpc2b/smyhc1/smyhc2/actn3b/gjd6/pygmb/sox6/tnnt3b/dnajb6b/shha/smarcd3b/myo9aa/mef2aa/nr2f2/ryr1b/six1a/hs3st1l1/nkx2.5/ryr3/bmp2b/hnrnpl2/fkrp/nphs1/myo9ab/tnnt2d/tnnt3a/myod1/mef2d/washc5/rbm24b/myhz2/dab2/mymk/selenon/thraa/axin1/dyrk3/klhl40a/myh7/myh7l/ppp2r3a/myom1a/prmt5/cavin4a/capzb/fxr1	81
GO:0051648	vesicle localization	40/3264	123/18773	0.32520325203252	1.87041686593337	4.44302631183015	3.20772898400868e-05	0.0029190333754479	0.00249567273585567	zgc:91968/trim46b/dtnbp1b/ift122/bbs5/exoc6/cep131/kif1aa/tbc1d23/cadpsb/syn2a/kif1b/synj1/rab3ip/cct2/cdk5/exoc6b/bbs2/myo5aa/arfgap2/wdr11/tmed9/mchr2b/kif13bb/pafah1b1a/preb/adcy3a/dtnbp1a/kif13a/stxbp1b/trim32/kif13ba/exoc5/zgc:153240/nde1/cdc42/kif1ab/unc13a/ap3d1/bbip1	40
GO:0001894	tissue homeostasis	33/3264	95/18773	0.347368421052632	1.99790054179567	4.47324129389576	3.49732242439474e-05	0.00301133878380431	0.00257459067250714	tmem64/adora2aa/ift122/tcf7l2/abcc6a/inpp5d/emc3/mipb/sulf2b/bcl2l1/mipa/tjp2a/nrf1/mllt10/ezh2/tjp1a/shha/piezo1/bbs2/cngb1a/eys/gpr137ba/ctnna1/syne2a/ift172/usp45/exoc5/mcoln1b/cdc42/park7/ptbp1a/chd8/tjp3	33
GO:1901293	nucleoside phosphate biosynthetic process	61/3264	214/18773	0.285046728971963	1.63945534405351	4.31596855448615	3.54576108719055e-05	0.00301133878380431	0.00257459067250714	atp5if1a/ctps1a/ampd1/si:dkey-190g11.3/impdh2/gfpt1/nadka/pdk1/upp2/gucy2cb/adkb/adcy6a/adcy6b/nampt1/impdh1b/atp5f1c/atp5fa1/rrm1/gfpt2/atp5pf/ugdh/si:dkey-22n8.3/adcy7/gc2/ampd3a/kars1/dut/impdh1a/ampd3b/gmps/elovl5/haao/adss2/nme5/prps1b/nme6/pfas/paics/gucy2f/mpi/adcy3a/elovl4a/adcy2a/ctps1b/acacb/prps1a/uap1l1/npr2/acaca/cmpk2/dlst/gcdhb/nme3/aspdh/aclya/atp5f1b/pank4/adcy1b/elovl1a/adcy8/pdhb	61
GO:0014032	neural crest cell development	46/3264	149/18773	0.308724832214765	1.77564070930386	4.36069485438238	3.78370771808312e-05	0.00301133878380431	0.00257459067250714	col2a1a/sema3gb/sema3b/fn1a/zic2a/sf3b1/erbb2/foxi1/cxcr4a/foxd3/tfap2c/plod3/gdnfa/nrarpa/sema3aa/prickle1b/myf5/hmgcrb/gria2a/esf1/dla/nrp1a/fgf3/ctr9/wtip/sema3d/sema3ab/sema3e/sema4ba/wdr11/disc1/lbh/polr1a/hif1ab/vgll2a/bmp2b/pax6a/tncb/atp6v0a1a/smarca4a/arl6ip1/thraa/fscn1a/chd7/chd8/capzb	46
GO:0048864	stem cell development	46/3264	149/18773	0.308724832214765	1.77564070930386	4.36069485438238	3.78370771808312e-05	0.00301133878380431	0.00257459067250714	col2a1a/sema3gb/sema3b/fn1a/zic2a/sf3b1/erbb2/foxi1/cxcr4a/foxd3/tfap2c/plod3/gdnfa/nrarpa/sema3aa/prickle1b/myf5/hmgcrb/gria2a/esf1/dla/nrp1a/fgf3/ctr9/wtip/sema3d/sema3ab/sema3e/sema4ba/wdr11/disc1/lbh/polr1a/hif1ab/vgll2a/bmp2b/pax6a/tncb/atp6v0a1a/smarca4a/arl6ip1/thraa/fscn1a/chd7/chd8/capzb	46
GO:0055002	striated muscle cell development	60/3264	210/18773	0.285714285714286	1.64329481792717	4.30064968328631	3.7958051896693e-05	0.00301133878380431	0.00257459067250714	rbm24a/smyd1b/unc45b/pgm5/neb/itga3b/cyp26a1/erbb2/cxcr4a/tomm70a/mybphb/mybpha/tln1/ryr1a/mef2ca/csrp2/lmod2b/flncb/tnnt2c/myf5/chchd10/dusp27/tmod1/cavin4b/obscnb/mybpc2b/smyhc1/smyhc2/gjd6/pygmb/tnnt3b/dnajb6b/shha/myo9aa/mef2aa/nr2f2/ryr1b/six1a/hs3st1l1/ryr3/bmp2b/hnrnpl2/fkrp/nphs1/myo9ab/tnnt2d/tnnt3a/myod1/mef2d/washc5/myhz2/mymk/selenon/thraa/klhl40a/myh7/myh7l/ppp2r3a/myom1a/prmt5	60
GO:0072521	purine-containing compound metabolic process	87/3264	334/18773	0.260479041916168	1.49815350915815	4.21411317623354	4.06905342215387e-05	0.00302629082973928	0.00258737415545702	atp5if1a/gmpr/ampd1/si:dkey-190g11.3/impdh2/nadka/pdk1/si:dkey-219c10.4/gucy2cb/adkb/sucla2/scn1lab/adcy6a/oard1/eno1a/adcy6b/pfkma/pgd/si:dkey-97m3.1/nampt1/impdh1b/atp5f1c/hmgcrb/atp5fa1/pgam2/atp5pf/nt5c2b/si:dkey-22n8.3/mdh1aa/pgam1b/pfkpa/atp6v1ab/adcy7/gc2/ampd3a/pkma/impdh1a/ampd3b/gmps/elovl5/haao/adss2/hk1/nt5c2a/pgam1a/nme5/prps1b/macrod1/enpp1/nme6/pfas/paics/aldoca/pipox/gucy2f/adpgk/ada2a/pkmb/adcy3a/elovl4a/adcy2a/gapdh/pklr/acacb/prps1a/atp6v1aa/gda/hmgcra/npr2/acaca/xdh/dlst/gcdhb/nme3/aspdh/aclya/pde4a/atp5f1b/pank4/tkta/adcy1b/pde4bb/elovl1a/adcy8/pfkpb/gpd1b/pdhb	87
GO:0030900	forebrain development	48/3264	158/18773	0.30379746835443	1.7473008190618	4.32743876627744	4.10808709919359e-05	0.00302629082973928	0.00258737415545702	lhx2b/agtpbp1/zic2a/tbr1b/cyp26a1/foxh1/wnt3/tcf7l2/exoc7/sox14/her6/neurod4/gdnfa/lhx6a/dpysl2b/bsx/hmgb1a/dla/nrp1a/eya1/csrnp1b/arxa/shha/fgf3/vwc2/neurog3/wnt8b/disc1/fgf16/pitx2/nkx2.4b/ulk2/lhx1a/robo2/pax6a/sim1a/dcc/usp39/greb1/nkx2.4a/rbfox1/axin1/tbr1a/chd8/epha4a/acvr1l/lhx9/sox2	48
GO:0055123	digestive system development	48/3264	158/18773	0.30379746835443	1.7473008190618	4.32743876627744	4.10808709919359e-05	0.00302629082973928	0.00258737415545702	ehmt2/pard6gb/mtor/rdh1/med24/wnt3/tcf7l2/nog3/ap1m2/myh11a/nipblb/gpr22a/myf5/nup54/bhmt/klf5a/hand2/ppm1kb/tsc2/ezh2/aldh1a2/celf1/shha/wtip/slc12a3/epas1b/rab11fip5a/jag1b/pitx2/rab11fip5b/hnf1ba/ercc2/myod1/isl2a/cnot3a/tbx20/sart3/rps6ka3a/ruvbl2/mgaa/ikzf5/dhps/fscn1a/dnmt1/rargb/chd7/chd8/stk11	48
GO:0021536	diencephalon development	31/3264	88/18773	0.352272727272727	2.02610781528521	4.42615104302099	4.38502500048145e-05	0.00315517845383479	0.00269756862330719	lhx2b/zic2a/foxh1/wnt3/tcf7l2/sox14/her6/neurod4/gdnfa/bsx/dla/eya1/csrnp1b/arxa/shha/fgf3/wnt8b/disc1/fgf16/pitx2/nkx2.4b/ulk2/pax6a/sim1a/usp39/greb1/nkx2.4a/rbfox1/acvr1l/lhx9/sox2	31
GO:0051640	organelle localization	75/3264	280/18773	0.267857142857143	1.54058889180672	4.18100703302903	5.03794713764239e-05	0.00354259282815126	0.00302879453514242	zgc:91968/trim46b/seh1l/dtnbp1b/spire1a/clasp2/mfn2/ift122/bbs5/exoc6/cep131/znf207b/kif1aa/tbc1d23/cadpsb/stx16/syn2a/snphb/esyt1a/kif1b/synj1/vps11/copg2/cep83/rab3ip/cct2/stx2a/nup98/uso1/rims1b/si:ch211-161h7.4/spice1/cdk5/dctn1a/exoc6b/wtip/bbs2/myo5aa/arfgap2/wdr11/rims1a/tmed9/mchr2b/syne2a/mdn1/kif13bb/nmd3/pafah1b1a/dnm1l/spire2/preb/adcy3a/dtnbp1a/sybu/kif13a/stxbp1b/arcn1a/nup88/trim32/syne3/kif13ba/spata17/exoc5/rhot1a/zgc:153240/znf207a/nde1/fam83d/cdc42/mfn1b/kif1ab/esyt2a/unc13a/ap3d1/bbip1	75
GO:0051650	establishment of vesicle localization	37/3264	113/18773	0.327433628318584	1.88324494620857	4.32019164829202	5.29025653019807e-05	0.00359163838183907	0.00307072678990289	zgc:91968/trim46b/dtnbp1b/ift122/bbs5/exoc6/cep131/kif1aa/tbc1d23/cadpsb/kif1b/synj1/rab3ip/cct2/cdk5/exoc6b/bbs2/myo5aa/arfgap2/wdr11/tmed9/kif13bb/pafah1b1a/preb/dtnbp1a/kif13a/stxbp1b/trim32/kif13ba/exoc5/zgc:153240/nde1/cdc42/kif1ab/unc13a/ap3d1/bbip1	37
GO:0007409	axonogenesis	110/3264	446/18773	0.246636771300448	1.4185392486591	4.10389631327238	5.38838709205164e-05	0.00359163838183907	0.00307072678990289	trim46b/cpsf1/ngly1/si:dkeyp-92c9.2/pard6gb/sfpq/trioa/lhx2b/col2a1a/sema3gb/sema3b/mfn2/rac3b/brsk1a/cdk5r1b/plxna1b/kalrnb/htr2ab/dock7/rgs4/cyfip1/l1camb/lamb2/lamb2l/uba1/agrn/dip2ba/kif1b/clstn1/plod3/dpysl2b/efnb3a/robo3/dclk1a/exosc8/sema3aa/nrcama/ulk1b/chchd10/efna5a/rb1/nrxn2a/casp3a/tenm3/ctnna2/pnpla6/nrp1a/prdm14/ntng1a/cdk5/lama1/efnb3b/ext2/shha/cdh11/map1aa/ist1/myo9aa/sema3d/sema3ab/sema3e/sema4ba/wnt8b/atl1/phox2bb/rab33a/cyfip2/hif1ab/epha7/dscamb/dscaml1/ulk2/lhx1a/pitpnaa/robo2/robo1/tiam1b/myo9ab/lamb1a/isl2a/kif15/sim1a/triob/washc5/dcc/tncb/rufy3/notch1b/evla/tiam2a/kctd13/mapk8ip3/tlcd3ba/coro1a/brsk1b/rab3ab/cntn2/cdkl5/pcdh17/mst1rb/adcy1b/ephb3a/usp33/ptprfb/ptch2/epha4a/epha4b/adcy8/lhx9/sox2	110
GO:0048701	embryonic cranial skeleton morphogenesis	52/3264	177/18773	0.293785310734463	1.68971557549574	4.22946414685052	5.45594712173355e-05	0.00359163838183907	0.00307072678990289	rbm24a/hcfc1b/prdm16/gfpt1/fn1a/zic2a/med14/nog3/foxi1/cxcr4a/prdm5/ptpn11b/tln1/nipblb/kdm2bb/gata3/hmgcrb/gria2a/mab21l2/hand2/htt/pard3aa/aldh1a2/shha/fgf3/sec24d/pygo1/bicra/ilvbl/disc1/lbh/polr1a/egr1/nkx2.5/pitx2/fam20b/vgll2a/bmp2b/mecom/rad21a/rbm24b/kat6a/fsta/scfd1/meis2a/smarca4a/xylt1/fscn1a/chd5/cdkl5/chd7/pkn2a	52
GO:0055086	nucleobase-containing small molecule metabolic process	105/3264	423/18773	0.24822695035461	1.42768521415658	4.08145333504971	5.997587657783e-05	0.00386594504441263	0.00330524951403699	atp5if1a/ctps1a/gmpr/ampd1/si:dkey-190g11.3/impdh2/gfpt1/nadka/pdk1/upp2/si:dkey-219c10.4/cps1/gucy2cb/adkb/sucla2/scn1lab/adcy6a/oard1/eno1a/adcy6b/pfkma/pgd/si:dkey-97m3.1/nampt1/dera/impdh1b/atp5f1c/hmgcrb/atp5fa1/pgam2/rrm1/gfpt2/atp5pf/gne/ugdh/nt5c2b/cdadc1/si:dkey-22n8.3/mdh1aa/pgam1b/pfkpa/atp6v1ab/adcy7/gc2/ampd3a/kars1/dut/pkma/impdh1a/ampd3b/gmps/elovl5/haao/adss2/hk1/nt5c2a/pgam1a/nme5/prps1b/macrod1/enpp1/nme6/pfas/paics/aldoca/pipox/gucy2f/adpgk/mpi/ada2a/pkmb/adcy3a/elovl4a/adcy2a/gapdh/ctps1b/pklr/acacb/prps1a/atp6v1aa/gda/uap1l1/hmgcra/npr2/acaca/xdh/cmpk2/aldh6a1/dlst/gcdhb/nme3/aspdh/aclya/pde4a/atp5f1b/pank4/tkta/park7/adcy1b/pde4bb/elovl1a/adcy8/pfkpb/gpd1b/pdhb	105
GO:0051056	regulation of small GTPase mediated signal transduction	39/3264	122/18773	0.319672131147541	1.83860444792671	4.26308964998058	6.13644249418221e-05	0.00387472511775505	0.003312756173551	syngap1a/dock8/iqsec2b/arhgap22b/cyth4b/dock7/rap1gapb/abraa/iqsec1a/eps8a/net1/arhgap24/si:ch211-247j9.1/fbxo8/tsc2/arhgap29a/dock11/madd/dennd4c/sipa1/dennd4a/rasa2/arfgef3/gbf1/dock10/rap1gap2a/eps8l2/dennd4b/git2a/mmd/kctd13/arhgap44a/kank2/iqsec1b/sipa1l2/arhgap29b/arhgef18a/arhgef18b/arhgap45b	39
GO:0048593	camera-type eye morphogenesis	58/3264	205/18773	0.282926829268293	1.62726267336203	4.14268833349809	6.84900716264032e-05	0.00423816563224183	0.00362348526309792	ehmt2/pim1/med27/foxe3/adamts10/ptch1/lmx1bb/ift122/fn1a/epb41l5/zic2a/med24/foxh1/cdk5r1b/bcl6aa/mitfa/mipb/rerea/agrn/mipa/tln1/synj1/lum/abcb6a/mab21l2/cdk5/lama1/dctn1a/aldh1a2/tubgcp4/fgf3/fbn1/znf503/cdhr1a/pax2a/wnt8b/eys/egr1/cyfip2/pitx2/ift80/lhx1a/pax6a/irx2a/foxn4/nid2a/foxg1a/exoc5/smarca4a/arl6ip1/dnmt1/mcrs1/pcdh17/chd7/xirp1/epha4a/prss56/cpamd8	58
GO:0060249	anatomical structure homeostasis	33/3264	98/18773	0.336734693877551	1.93674032112845	4.26520978495594	7.08589058481591e-05	0.00429877362145498	0.00367530300095818	tmem64/adora2aa/ift122/tcf7l2/abcc6a/inpp5d/emc3/mipb/sulf2b/bcl2l1/mipa/tjp2a/nrf1/mllt10/ezh2/tjp1a/shha/piezo1/bbs2/cngb1a/eys/gpr137ba/ctnna1/syne2a/ift172/usp45/exoc5/mcoln1b/cdc42/park7/ptbp1a/chd8/tjp3	33
GO:0030239	myofibril assembly	38/3264	119/18773	0.319327731092437	1.83662362003625	4.20006552613312	7.77492941190832e-05	0.00462608300008545	0.00395514121702948	rbm24a/smyd1b/unc45b/pgm5/neb/itga3b/erbb2/cxcr4a/mybphb/mybpha/tln1/mef2ca/csrp2/lmod2b/flncb/tnnt2c/chchd10/dusp27/tmod1/obscnb/mybpc2b/smyhc1/smyhc2/gjd6/tnnt3b/dnajb6b/mef2aa/hs3st1l1/fkrp/tnnt2d/tnnt3a/mef2d/washc5/thraa/myh7/myh7l/ppp2r3a/myom1a	38
GO:0048703	embryonic viscerocranium morphogenesis	36/3264	111/18773	0.324324324324324	1.86536168521463	4.19487002544222	8.28884395189526e-05	0.00482143876138069	0.00412216364690561	hcfc1b/prdm16/gfpt1/fn1a/zic2a/med14/nog3/foxi1/cxcr4a/prdm5/ptpn11b/tln1/nipblb/hmgcrb/hand2/htt/aldh1a2/shha/sec24d/pygo1/lbh/polr1a/egr1/nkx2.5/pitx2/vgll2a/bmp2b/mecom/rad21a/kat6a/fsta/meis2a/smarca4a/fscn1a/chd5/pkn2a	36
GO:0051656	establishment of organelle localization	59/3264	211/18773	0.279620853080569	1.60824824598086	4.07613123905136	8.55308328335015e-05	0.00482143876138069	0.00412216364690561	zgc:91968/trim46b/seh1l/dtnbp1b/spire1a/clasp2/mfn2/ift122/bbs5/exoc6/cep131/znf207b/kif1aa/tbc1d23/cadpsb/kif1b/synj1/copg2/cep83/rab3ip/cct2/si:ch211-161h7.4/spice1/cdk5/dctn1a/exoc6b/wtip/bbs2/myo5aa/arfgap2/wdr11/tmed9/syne2a/mdn1/kif13bb/nmd3/pafah1b1a/spire2/preb/dtnbp1a/sybu/kif13a/stxbp1b/nup88/trim32/syne3/kif13ba/spata17/exoc5/rhot1a/zgc:153240/znf207a/nde1/fam83d/cdc42/kif1ab/unc13a/ap3d1/bbip1	59
GO:0031032	actomyosin structure organization	50/3264	171/18773	0.292397660818713	1.68173446279096	4.10839255787964	8.57075410070904e-05	0.00482143876138069	0.00412216364690561	rbm24a/smyd1b/unc45b/pgm5/itgb5/neb/epb41l5/rac3b/itga3b/erbb2/myh11a/cxcr4a/mybphb/mybpha/tln1/mef2ca/csrp2/lmod2b/flncb/tnnt2c/chchd10/dusp27/tmod1/tesk1a/cnn3a/obscnb/mybpc2b/smyhc1/smyhc2/gjd6/tnnt3b/dnajb6b/mef2aa/atrn/hs3st1l1/cdc42bpab/fkrp/tnnt2d/tnnt3a/mef2d/washc5/rtkna/cdc42bpaa/cnn1b/thraa/myh11b/myh7/myh7l/ppp2r3a/myom1a	50
GO:0006753	nucleoside phosphate metabolic process	97/3264	389/18773	0.249357326478149	1.43418660844801	3.96980952346931	9.38011149529887e-05	0.00518251160115262	0.00443086845633197	atp5if1a/ctps1a/gmpr/ampd1/si:dkey-190g11.3/impdh2/gfpt1/nadka/pdk1/upp2/si:dkey-219c10.4/gucy2cb/adkb/sucla2/scn1lab/adcy6a/eno1a/adcy6b/pfkma/pgd/si:dkey-97m3.1/nampt1/dera/impdh1b/atp5f1c/hmgcrb/atp5fa1/pgam2/rrm1/gfpt2/atp5pf/gne/ugdh/nt5c2b/si:dkey-22n8.3/mdh1aa/pgam1b/pfkpa/atp6v1ab/adcy7/gc2/ampd3a/kars1/dut/pkma/impdh1a/ampd3b/gmps/elovl5/haao/adss2/hk1/nt5c2a/pgam1a/nme5/prps1b/enpp1/nme6/pfas/paics/aldoca/pipox/gucy2f/adpgk/mpi/pkmb/adcy3a/elovl4a/adcy2a/gapdh/ctps1b/pklr/acacb/prps1a/atp6v1aa/uap1l1/hmgcra/npr2/acaca/cmpk2/dlst/gcdhb/nme3/aspdh/aclya/pde4a/atp5f1b/pank4/tkta/park7/adcy1b/pde4bb/elovl1a/adcy8/pfkpb/gpd1b/pdhb	97
GO:0006936	muscle contraction	42/3264	137/18773	0.306569343065693	1.76324334478317	4.11325286240661	9.60629018852761e-05	0.00520435473328941	0.00444954358002119	col22a1/desmb/myhb/sulf2b/gdnfa/tpm2/ryr1a/lmod2b/strip2/tnnt2c/spx/tmod1/si:dkey-28b4.8/smyhc1/smyhc2/tpma/tnnt3b/wtip/ryr1b/kita/ryr3/kcnq1.2/tnni4b.2/tnnt2d/tnnt3a/myhz2/myhc4/myha/myhz1.3/myhz1.2/myhz1.1/tmem161b/setd3/chrm3a/htr1d/atp2a1/prrx1a/myh7/myh7l/casq1a/zeb1a/htr2b	42
GO:0007264	small GTPase-mediated signal transduction	79/3264	304/18773	0.259868421052632	1.49464150380547	3.98881693314165	9.75606252523547e-05	0.00520435473328941	0.00444954358002119	syngap1a/rab42a/dock8/ralgps1/iqsec2b/rhobtb2a/zmp:0000001200/zgc:101559/rab9a/arhgap22b/rac3b/dock1/cyth4b/dock7/rap1gapb/abraa/iqsec1a/rnd1a/gdi1/brap/sh2d3ca/rhobtb2b/eps8a/dock4b/gdi2/net1/arhgap24/arhgap32b/rasgrp2/si:ch211-247j9.1/rapgef6/fbxo8/tsc2/arhgap29a/dock11/madd/dennd4c/sipa1/dennd4a/rasgrf1/rasgrp4/rasa2/arfgef3/gbf1/sos2/rab33a/rapgef2b/rab15/dock10/arhgap32a/rap1gap2a/tiam1b/eps8l2/nradd/rgl2/dennd4b/git2a/cdc42ep2/tiam2a/mmd/kctd13/nkiras2/rhot1a/arhgap44a/kank2/rabif/iqsec1b/sipa1l2/cdc42/sos1/arhgap29b/ralab/arhgef18a/rab12/zgc:153713/zgc:112334/rassf1/arhgef18b/arhgap45b	79
GO:0009165	nucleotide biosynthetic process	46/3264	155/18773	0.296774193548387	1.70690623023403	4.05414796529123	0.000109547340854446	0.00569163758770818	0.0048661535936824	atp5if1a/ctps1a/ampd1/si:dkey-190g11.3/impdh2/nadka/upp2/gucy2cb/adkb/adcy6a/adcy6b/nampt1/impdh1b/atp5f1c/atp5fa1/rrm1/atp5pf/si:dkey-22n8.3/adcy7/gc2/ampd3a/kars1/dut/impdh1a/ampd3b/gmps/haao/adss2/nme5/prps1b/nme6/pfas/paics/gucy2f/adcy3a/adcy2a/ctps1b/prps1a/npr2/cmpk2/dlst/nme3/aspdh/atp5f1b/adcy1b/adcy8	46
GO:0048589	developmental growth	95/3264	381/18773	0.249343832020997	1.43410899464773	3.92722010978504	0.000110374355288459	0.00569163758770818	0.0048661535936824	col22a1/chd4a/pard6gb/rbbp4/mmp9/prdm16/fn1a/smarcal1/itga3b/erbb2/becn1/stk25a/cyfip1/ruvbl1/wnt2ba/l1camb/plcg1/dip2ba/smc1a/kif1b/clstn1/hoxc13a/smad2/robo3/dclk1a/nipblb/wnt16/gata3/ulk1b/nrxn2a/wwc1/ddx52/casp3a/htt/nrp1a/ezh2/gars1/dvl2/chd3/ext2/aldh1a2/shha/cdh5/ist1/myo9aa/sema3d/swap70b/nrn1la/wdr11/vdac2/wnt8b/jag1b/lgmn/nkx2.5/gja1b/fosab/dscamb/ulk2/serpinh1b/gdpd5b/robo2/myo9ab/lamb1a/isl2a/kif15/eaf1/tbx20/dcc/tncb/ruvbl2/fcho2/taf1/npr2/notch1b/nid2a/dio2/scfd1/mapk8ip3/smarca4a/tlcd3ba/kmt5c/ap2a1/lfng/axin1/rasd4/hoxc13b/cntn2/cdkl5/pcdh17/ppp2r3a/ap1g2/epha4a/epha4b/plcd4a/sox2	95
GO:0072384	organelle transport along microtubule	16/3264	36/18773	0.444444444444444	2.55623638344227	4.28760961671286	0.000144626809684624	0.00721728566145953	0.00617053001301255	trim46b/dtnbp1b/mfn2/kif1aa/kif1b/copg2/kif13bb/pafah1b1a/dtnbp1a/sybu/kif13a/kif13ba/rhot1a/nde1/kif1ab/ap3d1	16
GO:0016579	protein deubiquitination	27/3264	77/18773	0.350649350649351	2.01677091291062	4.10140424364344	0.00014547752440006	0.00721728566145953	0.00617053001301255	usp11/mindy4/stambpl1/usp42/usp54b/usp13/usp1/usp4/usp19/usp25/usp15/usp38/usp34/usp12b/tnfaip3/usp32/usp3/usp45/usp30/usp2b/usp39/usp43b/usp7/usp36/usp14/usp33/usp49	27
GO:0010977	negative regulation of neuron projection development	10/3264	17/18773	0.588235294117647	3.38325403690888	4.50986078469719	0.000146958305323837	0.00721728566145953	0.00617053001301255	sfpq/bcl11ab/fignl2/dip2ba/ulk1b/ulk2/robo2/tncb/epha4a/epha4b	10
GO:0006164	purine nucleotide biosynthetic process	39/3264	127/18773	0.307086614173228	1.76621844603983	3.97466081625351	0.000161013582517687	0.00778400037983941	0.00665505152741688	atp5if1a/ampd1/si:dkey-190g11.3/impdh2/nadka/gucy2cb/adkb/adcy6a/adcy6b/nampt1/impdh1b/atp5f1c/atp5fa1/atp5pf/si:dkey-22n8.3/adcy7/gc2/ampd3a/impdh1a/ampd3b/gmps/haao/adss2/nme5/prps1b/nme6/pfas/paics/gucy2f/adcy3a/adcy2a/prps1a/npr2/dlst/nme3/aspdh/atp5f1b/adcy1b/adcy8	39
GO:0035113	embryonic appendage morphogenesis	15/3264	33/18773	0.454545454545455	2.61433266488414	4.25798042928363	0.000170873542150931	0.00813358060638432	0.00695393054939741	col22a1/hmcn2/rdh1/wnt2ba/pi4kaa/nipblb/cul4a/tll1/hand2/ext2/fibinb/sall1a/tbx4/fbln1/acvr1l	15
GO:0016482	cytosolic transport	24/3264	66/18773	0.363636363636364	2.09146613190731	4.07491551164954	0.000176577221388803	0.00827772610571147	0.00707716997368521	vps52/vps50/dop1b/rab9a/vti1a/kif1aa/tbc1d23/evi5b/kif1b/vps26bl/arl1/vps54/vps35/dennd5a/snx5/rab41/bet1l/dop1a/ankfy1/rab14/rab14l/snx6/tbc1d17/kif1ab	24
GO:0003012	muscle system process	43/3264	145/18773	0.296551724137931	1.7056266903313	3.91304043745851	0.000183695078392338	0.00848287421710287	0.00725256452474382	col22a1/desmb/myhb/sulf2b/gdnfa/tpm2/ryr1a/lmod2b/strip2/tnnt2c/spx/tmod1/si:dkey-28b4.8/smyhc1/smyhc2/tpma/tnnt3b/wtip/ryr1b/kita/ryr3/kcnq1.2/tnni4b.2/tnnt2d/tnnt3a/myhz2/myhc4/myha/myhz1.3/myhz1.2/myhz1.1/tmem161b/mymk/setd3/chrm3a/htr1d/atp2a1/prrx1a/myh7/myh7l/casq1a/zeb1a/htr2b	43
GO:0048732	gland development	70/3264	268/18773	0.261194029850746	1.50226578504536	3.79922396996065	0.000200606099318305	0.00912757751898288	0.00780376358493654	ehmt2/abcd1/rbm15/aplnra/cdca7a/fn1a/dnah7/rdh1/rbp4/med24/myo1d/bms1/tcf7l2/cpn1/angptl3/bcl2l1/aldh8a1/rarga/aplnrb/vps11/bsx/gpr22a/nup54/il7r/smc2/hand2/ppm1kb/pkd1a/nrp1a/eya1/ext2/aldh1a2/cebpa/celf1/shha/fgf3/sema3d/wnt2/foxa3/epas1b/supv3l1/pax2a/jag1b/hdac3/sec63/bmp2b/nkx2.4b/dio3b/hnf1ba/mpi/samm50/isl2a/pklr/xbp1/sart3/usp39/mgaa/greb1/srebf2/dhps/fscn1a/prkcsh/dnmt1/srebf1/tbl3/rargb/chd7/acvr1l/mcm2/sox2	70
GO:0060284	regulation of cell development	68/3264	259/18773	0.262548262548263	1.5100546975547	3.79188322130125	0.000208746257392128	0.00936030319378613	0.00800273600040301	erf/nelfe/tmem64/heyl/pithd1/smyd1b/mmp9/olig2/med14/csf3a/inpp5d/bcl6aa/her6/p4htmb/l1camb/dip2ba/neurod4/smad2/nipblb/vcanb/myf5/gata3/add1/ulk1b/ezh2/lama1/fxr2/nelfa/atg13/fgf3/prtga/swap70b/bbs2/il34/gpr137ba/csf1ra/phf6/hnrnpl2/dscamb/her8.2/fkrp/numbl/ulk2/brca2/robo2/tiam1b/hapln3/myod1/washc5/oxr1a/tncb/mymk/kdm1a/pax9/tiam2a/nlk1/id1/cntn2/cdkl5/irf2bp2b/chd7/prmt5/epha4a/epha4b/hapln4/lpar3/fxr1/tm4sf4	68
GO:0072522	purine-containing compound biosynthetic process	50/3264	177/18773	0.282485875706215	1.62472651489975	3.83093914394527	0.000218051842337343	0.00963789143131057	0.00824006435780065	atp5if1a/ampd1/si:dkey-190g11.3/impdh2/nadka/pdk1/gucy2cb/adkb/adcy6a/adcy6b/nampt1/impdh1b/atp5f1c/atp5fa1/atp5pf/si:dkey-22n8.3/adcy7/gc2/ampd3a/impdh1a/ampd3b/gmps/elovl5/haao/adss2/nme5/prps1b/nme6/pfas/paics/gucy2f/ada2a/adcy3a/elovl4a/adcy2a/acacb/prps1a/npr2/acaca/dlst/gcdhb/nme3/aspdh/aclya/atp5f1b/pank4/adcy1b/elovl1a/adcy8/pdhb	50
GO:0048738	cardiac muscle tissue development	35/3264	112/18773	0.3125	1.79735370710784	3.88267484862115	0.000234481268323703	0.0102180992139935	0.00873612197624115	rbm24a/smyd1b/unc45b/aplnra/prdm16/gja3/neb/itga3b/cyp26a1/erbb2/tomm70a/smad4a/tln1/aplnrb/mef2ca/hand2/gjd6/smarcd3b/nr2f2/hs3st1l1/nkx2.5/fhl1a/bmp2b/fbxo32/tbx20/washc5/rbm24b/dab2/npr2/chrm3a/fermt2/smarca4a/rbfox1/myh7/klf2b	35
GO:0007517	muscle organ development	61/3264	228/18773	0.267543859649123	1.53878703345373	3.75499696100974	0.000249989935743439	0.0105051909660816	0.00898157551041505	col22a1/ngly1/pleca/rbm24a/smyd1b/unc45b/ptch1/gfpt1/gja3/myl1/kif5bb/desmb/lamb2/smad4a/tln1/loxa/ryr1a/ngs/myf5/blzf1/hhip/col15a1a/itgb1a/cavin4b/smyhc1/pygmb/sox6/dnajb6b/shha/myo9aa/ryr1b/six1a/fhl1a/sgcb/ryr3/hsp90ab1/hnrnpl2/fkrp/postnb/nphs1/myo9ab/myod1/lamb1a/fbxo32/rbm24b/golga2/myhz2/hmgcra/mymk/selenon/fermt2/rbfox1/itga7/klhl40a/ptch2/prmt5/cavin4a/atp1a2a/klf2b/hdgfl2/fxr1	61
GO:0006418	tRNA aminoacylation for protein translation	17/3264	41/18773	0.414634146341463	2.38478150406504	4.07211053214468	0.000253347137629188	0.0105051909660816	0.00898157551041505	yars1/qars1/dars1/wars2/mars1/nars1/gars1/cars1/kars1/tars3/aars1/tars2/tars1/iars2/eprs1/iars1/dars2	17
GO:0047496	vesicle transport along microtubule	12/3264	24/18773	0.5	2.87576593137255	4.21826306064154	0.000254164901295764	0.0105051909660816	0.00898157551041505	trim46b/dtnbp1b/kif1aa/kif1b/kif13bb/pafah1b1a/dtnbp1a/kif13a/kif13ba/nde1/kif1ab/ap3d1	12
GO:0030705	cytoskeleton-dependent intracellular transport	33/3264	104/18773	0.317307692307692	1.82500530260181	3.870359722992	0.000254650718311609	0.0105051909660816	0.00898157551041505	trim46b/dtnbp1b/mfn2/ift122/cep131/dync1i2b/kif1aa/kif1b/clstn1/synj1/map6a/copg2/dync2i2/wdr19/myo5aa/ccdc88ab/ift172/kif13bb/pafah1b1a/dtnbp1a/sybu/kif13a/kif13ba/hook2/mapk8ip3/rhot1a/ift70/nde1/kif17/kif1ab/myo10/arl8a/ap3d1	33
GO:0046390	ribose phosphate biosynthetic process	38/3264	126/18773	0.301587301587302	1.73458897447868	3.79545321703827	0.000291556877072822	0.0117073337155921	0.0100093660488154	atp5if1a/ctps1a/ampd1/si:dkey-190g11.3/impdh2/upp2/gucy2cb/adkb/adcy6a/adcy6b/impdh1b/atp5f1c/atp5fa1/atp5pf/si:dkey-22n8.3/adcy7/gc2/ampd3a/impdh1a/ampd3b/gmps/adss2/nme5/prps1b/nme6/pfas/paics/gucy2f/adcy3a/adcy2a/ctps1b/prps1a/npr2/dlst/nme3/atp5f1b/adcy1b/adcy8	38
GO:0099518	vesicle cytoskeletal trafficking	14/3264	31/18773	0.451612903225806	2.59746600253004	4.08359773433422	0.000305294754677005	0.0117073337155921	0.0100093660488154	trim46b/dtnbp1b/kif1aa/kif1b/synj1/myo5aa/kif13bb/pafah1b1a/dtnbp1a/kif13a/kif13ba/nde1/kif1ab/ap3d1	14
GO:0040007	growth	98/3264	406/18773	0.241379310344828	1.38830079445571	3.62869639046654	0.000306171945668467	0.0117073337155921	0.0100093660488154	col22a1/chd4a/pard6gb/rbbp4/mmp9/prdm16/fn1a/smarcal1/itga3b/erbb2/becn1/stk25a/cyfip1/ruvbl1/wnt2ba/l1camb/plcg1/dip2ba/smc1a/kif1b/clstn1/hoxc13a/smad2/robo3/dclk1a/nipblb/wnt16/gata3/ulk1b/nrxn2a/wwc1/ddx52/casp3a/htt/nrp1a/ezh2/gars1/dvl2/chd3/ext2/aldh1a2/shha/cdh5/ist1/myo9aa/sema3d/swap70b/nrn1la/wdr11/vdac2/supv3l1/wnt8b/jag1b/lgmn/nkx2.5/nme6/gja1b/fosab/dscamb/ulk2/serpinh1b/gdpd5b/robo2/myo9ab/lamb1a/isl2a/kif15/eaf1/tbx20/dcc/tncb/ruvbl2/fcho2/taf1/npr2/notch1b/nid2a/dio2/scfd1/mapk8ip3/smarca4a/tlcd3ba/kmt5c/ap2a1/lfng/axin1/rasd4/hoxc13b/cntn2/cdkl5/pcdh17/ppp2r3a/ap1g2/epha4a/epha4b/stk11/plcd4a/sox2	98
GO:0009152	purine ribonucleotide biosynthetic process	33/3264	105/18773	0.314285714285714	1.80762429971989	3.80709383104065	0.000310209602079813	0.0117073337155921	0.0100093660488154	atp5if1a/ampd1/si:dkey-190g11.3/impdh2/gucy2cb/adkb/adcy6a/adcy6b/impdh1b/atp5f1c/atp5fa1/atp5pf/si:dkey-22n8.3/adcy7/gc2/ampd3a/impdh1a/ampd3b/gmps/adss2/nme5/nme6/pfas/paics/gucy2f/adcy3a/adcy2a/npr2/dlst/nme3/atp5f1b/adcy1b/adcy8	33
GO:0051208	sequestering of calcium ion	16/3264	38/18773	0.421052631578947	2.42169762641899	4.0244880091731	0.000310278398409358	0.0117073337155921	0.0100093660488154	itpr3/aplnra/plch2a/htr2ab/itpr1a/plcg1/aplnrb/ryr1a/ryr1b/letm1/anxa6/ryr3/selenon/itpr1b/casq1a/htr2b	16
GO:0051282	regulation of sequestering of calcium ion	16/3264	38/18773	0.421052631578947	2.42169762641899	4.0244880091731	0.000310278398409358	0.0117073337155921	0.0100093660488154	itpr3/aplnra/plch2a/htr2ab/itpr1a/plcg1/aplnrb/ryr1a/ryr1b/letm1/anxa6/ryr3/selenon/itpr1b/casq1a/htr2b	16
GO:0051283	negative regulation of sequestering of calcium ion	16/3264	38/18773	0.421052631578947	2.42169762641899	4.0244880091731	0.000310278398409358	0.0117073337155921	0.0100093660488154	itpr3/aplnra/plch2a/htr2ab/itpr1a/plcg1/aplnrb/ryr1a/ryr1b/letm1/anxa6/ryr3/selenon/itpr1b/casq1a/htr2b	16
GO:0021999	neural plate anterior/posterior regionalization	7/3264	10/18773	0.7	4.02607230392157	4.39103209260931	0.000350301403480116	0.0129027683615176	0.0110314213902949	sfpq/smad2/sbno1/foxa3/smarca1/gsc/axin1	7
GO:0050771	negative regulation of axonogenesis	7/3264	10/18773	0.7	4.02607230392157	4.39103209260931	0.000350301403480116	0.0129027683615176	0.0110314213902949	dip2ba/ulk1b/ulk2/robo2/tncb/epha4a/epha4b	7
GO:0045596	negative regulation of cell differentiation	30/3264	94/18773	0.319148936170213	1.83559527534418	3.72581718297488	0.000426026410166533	0.0155073613300618	0.0132582584365139	foxe3/mmp9/dcaf1/tent5c/nog3/inpp5d/her6/dip2ba/hoxc9a/gpr182/ulk1b/dusp4/nog2/prtga/lgmn/gpr137ba/enpp1/bmp2b/foxl2a/ulk2/robo2/tncb/lfng/id1/irf2bp2b/epha4a/epha4b/klf2b/foxl2b/tm4sf4	30
GO:0090497	mesenchymal cell migration	34/3264	111/18773	0.306306306306306	1.76173048048048	3.69251425690376	0.000432352083874694	0.015554620319864	0.0132986632408459	col2a1a/sema3gb/sema3b/hmcn2/fn1a/erbb2/foxi1/cxcr4a/foxd3/plod3/gdnfa/nrarpa/sema3aa/prickle1b/hmgcrb/nrp1a/sema3d/sema3ab/sema3e/sema4ba/wdr11/disc1/lbh/hif1ab/bmp2b/fbln1/pax6a/tncb/atp6v0a1a/arl6ip1/fscn1a/chd7/chd8/capzb	34
GO:1900107	regulation of nodal signaling pathway	8/3264	13/18773	0.615384615384615	3.53940422322775	4.20170489331578	0.000463764132517679	0.0164929451265483	0.0141008985482992	aplnra/smad4a/aplnrb/net1/osr1/araf/fscn1a/ncln	8
GO:0009205	purine ribonucleoside triphosphate metabolic process	32/3264	103/18773	0.310679611650485	1.78688368551304	3.67363026545325	0.000476829393331075	0.0167648879882539	0.0143334003043181	atp5if1a/si:dkey-190g11.3/impdh2/scn1lab/eno1a/pfkma/impdh1b/atp5f1c/atp5fa1/pgam2/atp5pf/si:dkey-22n8.3/pgam1b/pfkpa/atp6v1ab/pkma/impdh1a/hk1/pgam1a/nme5/enpp1/nme6/aldoca/adpgk/pkmb/gapdh/pklr/atp6v1aa/dlst/nme3/atp5f1b/pfkpb	32
GO:0010927	cellular component assembly involved in morphogenesis	38/3264	129/18773	0.294573643410853	1.69424969600243	3.62977291866906	0.000487999305476108	0.0167763316793675	0.0143431842650463	rbm24a/smyd1b/unc45b/pgm5/neb/itga3b/erbb2/cxcr4a/mybphb/mybpha/tln1/mef2ca/csrp2/lmod2b/flncb/tnnt2c/chchd10/dusp27/tmod1/obscnb/mybpc2b/smyhc1/smyhc2/gjd6/tnnt3b/dnajb6b/mef2aa/hs3st1l1/fkrp/tnnt2d/tnnt3a/mef2d/washc5/thraa/myh7/myh7l/ppp2r3a/myom1a	38
GO:0032989	cellular anatomical entity morphogenesis	38/3264	129/18773	0.294573643410853	1.69424969600243	3.62977291866906	0.000487999305476108	0.0167763316793675	0.0143431842650463	rbm24a/smyd1b/unc45b/pgm5/neb/itga3b/erbb2/cxcr4a/mybphb/mybpha/tln1/mef2ca/csrp2/lmod2b/flncb/tnnt2c/chchd10/dusp27/tmod1/obscnb/mybpc2b/smyhc1/smyhc2/gjd6/tnnt3b/dnajb6b/mef2aa/hs3st1l1/fkrp/tnnt2d/tnnt3a/mef2d/washc5/thraa/myh7/myh7l/ppp2r3a/myom1a	38
GO:0032482	Rab protein signal transduction	10/3264	19/18773	0.526315789473684	3.02712203302374	4.05553532438365	0.000497589675627283	0.0168120126906647	0.0143736902975676	rab42a/zgc:101559/rab9a/madd/dennd4c/dennd4a/rab33a/rab15/dennd4b/rab12	10
GO:0016237	microautophagy	9/3264	16/18773	0.5625	3.23523667279412	4.10336609902267	0.000505338455149262	0.0168120126906647	0.0143736902975676	atg4c/snx30/ulk1b/atg4da/atg9b/atg13/ulk3/ulk2/atg4db	9
GO:0034727	piecemeal microautophagy of the nucleus	9/3264	16/18773	0.5625	3.23523667279412	4.10336609902267	0.000505338455149262	0.0168120126906647	0.0143736902975676	atg4c/snx30/ulk1b/atg4da/atg9b/atg13/ulk3/ulk2/atg4db	9
GO:0120035	regulation of plasma membrane bounded cell projection organization	55/3264	206/18773	0.266990291262136	1.53560316723777	3.54604569587507	0.000516989841248056	0.0168900960078745	0.0144404488374064	gsk3aa/pard6gb/sfpq/lzts3b/lzts1/myo3b/tbr1b/bcl11ab/ror1/ddr2a/l1camb/fignl2/dip2ba/clstn1/dpysl2b/eps8a/twf1b/arhgap24/ulk1b/si:ch211-247j9.1/casp3a/tenm3/nrp1a/myo3a/ntrk3b/dock11/nedd4a/serpini1/mcm7/col12a1b/dscamb/ulk2/robo2/tiam1b/eps8l2/unc45a/ntrk3a/lamb1a/ntrk1/tncb/cdc42ep2/rufy3/tiam2a/arhgap44a/tbr1a/cntn2/cdkl5/cdc42/ephb3a/epha4a/epha4b/myo10/capzb/mcm2/sox2	55
GO:0009199	ribonucleoside triphosphate metabolic process	34/3264	112/18773	0.303571428571429	1.74600074404762	3.63261410857729	0.000518603465012306	0.0168900960078745	0.0144404488374064	atp5if1a/ctps1a/si:dkey-190g11.3/impdh2/scn1lab/eno1a/pfkma/impdh1b/atp5f1c/atp5fa1/pgam2/atp5pf/si:dkey-22n8.3/pgam1b/pfkpa/atp6v1ab/pkma/impdh1a/hk1/pgam1a/nme5/enpp1/nme6/aldoca/adpgk/pkmb/gapdh/ctps1b/pklr/atp6v1aa/dlst/nme3/atp5f1b/pfkpb	34
GO:0070646	protein modification by small protein removal	29/3264	91/18773	0.318681318681319	1.83290575845723	3.65378784572833	0.000541290320432176	0.017372759692987	0.01485310962082	usp11/mindy4/stambpl1/usp42/usp54b/usp13/usp1/usp4/usp19/usp25/usp15/usp38/usp34/usp12b/senp8/tnfaip3/usp32/usp3/cops2/usp45/usp30/usp2b/usp39/usp43b/usp7/usp36/usp14/usp33/usp49	29
GO:0098930	axonal transport	13/3264	29/18773	0.448275862068966	2.57827290398918	3.90201030069903	0.000545994079979097	0.017372759692987	0.01485310962082	trim46b/dtnbp1b/mfn2/kif1aa/kif1b/clstn1/pafah1b1a/dtnbp1a/sybu/mapk8ip3/kif1ab/arl8a/ap3d1	13
GO:0006886	intracellular protein transport	93/3264	388/18773	0.239690721649485	1.37858882277138	3.45692759580993	0.000550268406565198	0.017372759692987	0.01485310962082	kpna6/arl4ab/pex1/ap3s1/snx2/mon1ba/rab3c/pttg1ipb/xpo4/arl5a/cog3/exoc6/vti1a/sec24c/cep131/ap1m2/arf3b/cacng5a/tomm70a/stx16/romo1/vps13d/arf3a/nup155/trim23/vps36/vps11/vps26bl/vps37bb/arl1/ipo8/tnpo3/copg2/nup188/stx2a/fam53c/rab38c/nup98/sec24a/hikeshi/uso1/rims1b/unc93b1/arl11/tnpo2b/napga/tram1/cog7/exoc6b/vps35/sec24d/nup93/ap2m1b/wdr11/rab1ab/ap3m1/tomm20a/tmed9/rab41/scfd2/pex7/samm50/cacng8b/pik3r4/rims2a/kif13a/ap3m2/stxbp1b/nup88/ap2b1/timm22/rab14/vps33a/rab14l/snx6/si:ch211-266g18.9/scfd1/vps39/mapk8ip3/desi1a/cacng2a/ap2a1/arhgap44a/rab3ab/mon1bb/mon1a/tomm20b/arf1/pex19/copa/sec62/ap1g2/ap3d1	93
GO:0043473	pigmentation	45/3264	161/18773	0.279503105590062	1.60757101753745	3.55182790371597	0.00056278618164547	0.0175884893536473	0.0150375510311012	zgc:91968/trim33/gfpt1/mib2/ift122/sf3b1/bbs5/gpr143/gch2/cep131/foxd3/oca2/mitfa/pax7b/nrarpa/vps11/sox5/rab3ip/cct2/rab38c/bnc2/tjp1a/dennd5a/ctr9/impdh1a/ric8b/bbs2/lrmda/csf1ra/mchr2b/kita/paics/dharma/tyr/adcy3a/trim32/dio2/exoc5/vps39/cdc42/chd7/mfsd12a/pdhb/ap3d1/bbip1	45
GO:0009141	nucleoside triphosphate metabolic process	36/3264	122/18773	0.295081967213115	1.69717333654773	3.54411718495776	0.000653319838736952	0.0202137158105213	0.0172820289973259	atp5if1a/ctps1a/si:dkey-190g11.3/impdh2/scn1lab/eno1a/pfkma/impdh1b/atp5f1c/atp5fa1/pgam2/atp5pf/si:dkey-22n8.3/pgam1b/pfkpa/atp6v1ab/dut/pkma/impdh1a/hk1/pgam1a/nme5/enpp1/nme6/aldoca/adpgk/pkmb/gapdh/ctps1b/pklr/atp6v1aa/cmpk2/dlst/nme3/atp5f1b/pfkpb	36
GO:0043039	tRNA aminoacylation	17/3264	44/18773	0.386363636363636	2.22218276515152	3.7234338992582	0.000678532793571845	0.0207859451812999	0.017771265349099	yars1/qars1/dars1/wars2/mars1/nars1/gars1/cars1/kars1/tars3/aars1/tars2/tars1/iars2/eprs1/iars1/dars2	17
GO:0031344	regulation of cell projection organization	55/3264	209/18773	0.263157894736842	1.51356101651187	3.42505746817978	0.00075258654531054	0.0228284585410864	0.0195175437395809	gsk3aa/pard6gb/sfpq/lzts3b/lzts1/myo3b/tbr1b/bcl11ab/ror1/ddr2a/l1camb/fignl2/dip2ba/clstn1/dpysl2b/eps8a/twf1b/arhgap24/ulk1b/si:ch211-247j9.1/casp3a/tenm3/nrp1a/myo3a/ntrk3b/dock11/nedd4a/serpini1/mcm7/col12a1b/dscamb/ulk2/robo2/tiam1b/eps8l2/unc45a/ntrk3a/lamb1a/ntrk1/tncb/cdc42ep2/rufy3/tiam2a/arhgap44a/tbr1a/cntn2/cdkl5/cdc42/ephb3a/epha4a/epha4b/myo10/capzb/mcm2/sox2	55
GO:0051209	release of sequestered calcium ion into cytosol	15/3264	37/18773	0.405405405405405	2.33170210651828	3.71970038536905	0.000769544820633993	0.0229518256268756	0.0196230183378146	itpr3/aplnra/plch2a/htr2ab/itpr1a/plcg1/aplnrb/ryr1a/ryr1b/letm1/ryr3/selenon/itpr1b/casq1a/htr2b	15
GO:0009260	ribonucleotide biosynthetic process	36/3264	123/18773	0.292682926829268	1.68337517934003	3.48827558551908	0.000771489937037835	0.0229518256268756	0.0196230183378146	atp5if1a/ctps1a/ampd1/si:dkey-190g11.3/impdh2/upp2/gucy2cb/adkb/adcy6a/adcy6b/impdh1b/atp5f1c/atp5fa1/atp5pf/si:dkey-22n8.3/adcy7/gc2/ampd3a/impdh1a/ampd3b/gmps/adss2/nme5/nme6/pfas/paics/gucy2f/adcy3a/adcy2a/ctps1b/npr2/dlst/nme3/atp5f1b/adcy1b/adcy8	36
GO:0033334	fin morphogenesis	23/3264	68/18773	0.338235294117647	1.94537107122261	3.58274879389773	0.000784944854911654	0.0230169240148666	0.0196786752115673	col22a1/mmp9/hmcn2/rdh1/itga3b/wnt2ba/pi4kaa/nipblb/cul4a/tll1/hand2/ext2/fibinb/sall1a/shha/fgf16/hmcn1/gja1b/tbx4/slc43a2a/fbln1/megf6b/acvr1l	23
GO:0097553	calcium ion transmembrane import into cytosol	21/3264	60/18773	0.35	2.01303615196078	3.60551503086766	0.000788556543495753	0.0230169240148666	0.0196786752115673	itpr3/cacna1sb/aplnra/plch2a/htr2ab/itpr1a/plcg1/aplnrb/ryr1a/cacna1bb/ryr1b/letm1/ryr3/slc8a2b/trpv6/cacna1ba/selenon/itpr1b/cacna1da/casq1a/htr2b	21
GO:0010720	positive regulation of cell development	29/3264	93/18773	0.311827956989247	1.79348843031836	3.51910388021051	0.000803258955694335	0.0231104570491031	0.0197586427259539	erf/tmem64/olig2/inpp5d/l1camb/neurod4/smad2/vcanb/myf5/gata3/add1/ezh2/fxr2/fgf3/swap70b/il34/dscamb/numbl/robo2/tiam1b/hapln3/myod1/tiam2a/nlk1/cntn2/cdkl5/chd7/hapln4/fxr1	29
GO:0010975	regulation of neuron projection development	40/3264	141/18773	0.283687943262411	1.63164024475038	3.45372744353275	0.000806699858210452	0.0231104570491031	0.0197586427259539	gsk3aa/pard6gb/sfpq/lzts3b/lzts1/tbr1b/bcl11ab/ror1/ddr2a/l1camb/fignl2/dip2ba/clstn1/dpysl2b/twf1b/ulk1b/casp3a/tenm3/nrp1a/ntrk3b/nedd4a/serpini1/col12a1b/dscamb/ulk2/robo2/tiam1b/ntrk3a/ntrk1/tncb/rufy3/tiam2a/arhgap44a/tbr1a/cntn2/cdkl5/ephb3a/epha4a/epha4b/sox2	40
GO:0006896	Golgi to vacuole transport	7/3264	11/18773	0.636363636363636	3.66006573083779	4.04843895297171	0.000818298969925758	0.0232276790178926	0.0198588634613561	vps52/ap3s1/vti1a/vps54/ankfy1/ap1g2/ap3d1	7
GO:0048538	thymus development	10/3264	20/18773	0.5	2.87576593137255	3.85031901897707	0.000840655677158557	0.0236453515011689	0.020215959011478	cdca7a/med24/il7r/nrp1a/ext2/sema3d/sart3/tbl3/chd7/mcm2	10
GO:0048638	regulation of developmental growth	27/3264	85/18773	0.317647058823529	1.8269571799308	3.50549637389172	0.000874855135668396	0.0243856017095317	0.0208488473772848	pard6gb/itga3b/becn1/ruvbl1/l1camb/dip2ba/clstn1/ulk1b/wwc1/casp3a/ext2/shha/sema3d/dscamb/ulk2/robo2/kif15/tbx20/dcc/tncb/ruvbl2/kmt5c/cntn2/cdkl5/epha4a/epha4b/plcd4a	27
GO:0032925	regulation of activin receptor signaling pathway	9/3264	17/18773	0.529411764705882	3.04492863321799	3.8696434822432	0.000908516123702862	0.0244636887710308	0.0209156091183617	aplnra/smad4a/aplnrb/net1/osr1/araf/fsta/fscn1a/ncln	9
GO:0043038	amino acid activation	17/3264	45/18773	0.377777777777778	2.17280092592593	3.61346045742761	0.000915738682007998	0.0244636887710308	0.0209156091183617	yars1/qars1/dars1/wars2/mars1/nars1/gars1/cars1/kars1/tars3/aars1/tars2/tars1/iars2/eprs1/iars1/dars2	17
GO:0022603	regulation of anatomical structure morphogenesis	74/3264	301/18773	0.245847176079734	1.4139978665885	3.32171861874367	0.000916258047691849	0.0244636887710308	0.0209156091183617	pard6gb/mtdha/elmo1/lzts3b/lzts1/aplnra/fn1a/cnmd/rac3b/ptenb/trrap/thbs2b/myh9a/myh11a/cyfip1/l1camb/plcg1/fmnl3/dip2ba/clstn1/hoxc9a/gdnfa/aplnrb/dpysl2b/ulk1b/casp3a/itgb1a/nrp1a/cdh5/wtip/nedd4a/atrn/ism1/thbs2a/adgrb3/disc1/csf1ra/pitx2/hif1ab/brwd1/dscamb/ulk2/lhx1a/si:dkey-23k10.3/robo2/tiam1b/parvb/mir125a-1/pgam5/git2a/brwd3/tncb/cdc42ep2/rufy3/tars1/camsap1b/tiam2a/fermt2/vash1/myh9b/arhgap44a/iars1/gata2a/cntn2/cdkl5/ephb3a/epha4a/epha4b/myo10/zeb1a/per2/klf2b/stab1/plcd4a	74
GO:0048670	regulation of collateral sprouting	8/3264	14/18773	0.571428571428571	3.28658963585434	3.92632148626433	0.000917190658513114	0.0244636887710308	0.0209156091183617	pard6gb/clstn1/ulk1b/casp3a/ulk2/robo2/epha4a/epha4b	8
GO:0060897	neural plate regionalization	8/3264	14/18773	0.571428571428571	3.28658963585434	3.92632148626433	0.000917190658513114	0.0244636887710308	0.0209156091183617	sfpq/smad2/sbno1/foxa3/wnt8b/smarca1/gsc/axin1	8
GO:0030902	hindbrain development	40/3264	142/18773	0.28169014084507	1.62014982049158	3.40299382802052	0.00093761965125425	0.024739109388119	0.0211510842351386	brd2a/sfpq/lmx1bb/agtpbp1/epb41l5/zic2a/olig2/rac3b/cyp26a1/atoh1c/exosc8/prickle1b/otx2a/atg4da/gbx1/dvl2/efnb3b/aldh1a2/shha/fgf3/sema3d/znf503/pax2a/disc1/snx14/brf1b/bmp2b/foxl2a/hnf1ba/lhx1a/clpb/pax6a/prdm13/notch1b/mdga2a/otx2b/rnf216/epha4a/foxl2b/celsr2	40
GO:0045597	positive regulation of cell differentiation	49/3264	183/18773	0.26775956284153	1.54002765723776	3.36775354811995	0.000943508373561099	0.024739109388119	0.0211510842351386	erf/nelfe/tmem64/pithd1/rbm24a/olig2/csf3a/inpp5d/brinp3a.2/mitfa/l1camb/neurod4/smad2/vcanb/sox5/myf5/gata3/add1/ezh2/fxr2/sox6/fgf3/swap70b/il34/nudt21/ppp1r13l/gdf10a/dscamb/numbl/supt5h/lhx1a/gdpd5b/robo2/tiam1b/mdkb/hapln3/myod1/rbm24b/dab2/tiam2a/nlk1/thraa/cntn2/cdkl5/brinp3b/chd7/hapln4/lpar3/fxr1	49
GO:0009144	purine nucleoside triphosphate metabolic process	32/3264	107/18773	0.299065420560748	1.7200842954004	3.42679438998956	0.00098787318923298	0.0255254230059618	0.0218233552253877	atp5if1a/si:dkey-190g11.3/impdh2/scn1lab/eno1a/pfkma/impdh1b/atp5f1c/atp5fa1/pgam2/atp5pf/si:dkey-22n8.3/pgam1b/pfkpa/atp6v1ab/pkma/impdh1a/hk1/pgam1a/nme5/enpp1/nme6/aldoca/adpgk/pkmb/gapdh/pklr/atp6v1aa/dlst/nme3/atp5f1b/pfkpb	32
GO:0006892	post-Golgi vesicle-mediated transport	19/3264	53/18773	0.358490566037736	2.06186991305956	3.55136064872817	0.000989997013805889	0.0255254230059618	0.0218233552253877	vps52/ap3s1/dop1b/exoc6/vti1a/ap1m2/blzf1/vps54/exoc6b/phaf1/stxbp5a/dop1a/ankfy1/rab14/rab14l/exoc5/rabif/ap1g2/ap3d1	19
GO:0045214	sarcomere organization	22/3264	65/18773	0.338461538461538	1.94667232277526	3.50736632295238	0.00100124380012131	0.0256020522113664	0.0218888705498465	rbm24a/smyd1b/neb/itga3b/mybphb/mybpha/tln1/csrp2/flncb/tnnt2c/mybpc2b/smyhc1/smyhc2/tnnt3b/hs3st1l1/tnnt2d/tnnt3a/thraa/myh7/myh7l/ppp2r3a/myom1a	22
GO:0000956	nuclear-transcribed mRNA catabolic process	27/3264	86/18773	0.313953488372093	1.80571349179207	3.4355677607036	0.00106709463674313	0.0268422016754735	0.0229491555167778	skic2/rbm24a/upf3a/pelo/rc3h2/exosc8/smg8/cnot6a/cnot8/dis3/pabpn1l/dhx34/sb:cb81/polr2g/smg9/cnot3a/smg5/rbm8a/samd4a/zfp36l1a/casc3/smg1/mrto4/exosc4/rc3h1b/smg7/upf1	27
GO:0010970	transport along microtubule	27/3264	86/18773	0.313953488372093	1.80571349179207	3.4355677607036	0.00106709463674313	0.0268422016754735	0.0229491555167778	trim46b/dtnbp1b/mfn2/ift122/cep131/dync1i2b/kif1aa/kif1b/clstn1/copg2/dync2i2/wdr19/ift172/kif13bb/pafah1b1a/dtnbp1a/sybu/kif13a/kif13ba/mapk8ip3/rhot1a/ift70/nde1/kif17/kif1ab/arl8a/ap3d1	27
GO:0001667	ameboidal-type cell migration	55/3264	212/18773	0.259433962264151	1.49214270024047	3.30595351516529	0.00107932878611445	0.0269309940664362	0.0230250699448693	eomesa/cap1/def6a/col2a1a/sema3gb/sema3b/hmcn2/aplnra/fn1a/erbb2/foxh1/foxi1/cxcr4a/tns1a/lpp/foxd3/plcg1/plod3/gdnfa/aplnrb/nrarpa/sema3aa/prickle1b/hmgcrb/esrra/amot/pcdh10a/nrp1a/sema3d/sema3ab/sema3e/wnt2/sema4ba/wdr11/disc1/lbh/csf1ra/hif1ab/kita/bmp2b/bace2/fbln1/pax6a/eaf1/git2a/tncb/atp6v0a1a/arl6ip1/fscn1a/cdc42/chd7/chd8/acvr1l/slc39a6/capzb	55
GO:0006520	amino acid metabolic process	59/3264	231/18773	0.255411255411255	1.46900597360156	3.29036839992712	0.00109902938184579	0.0272031752594469	0.0232577754659239	ctps1a/yars1/cdo1/qars1/mthfr/gfpt1/dars1/wars2/cps1/zgc:92040/si:ch211-217a12.1/glud1b/aldh18a1/fh/mars1/aldh8a1/th2/pah/bhmt/nars1/gfpt2/mri1/gad2/gars1/cars1/kars1/gcshb/tars3/sephs1/tat/tph2/aars1/gmps/bckdha/ilvbl/haao/tdh/pfas/pipox/tyr/tars2/ctps1b/ass1/hpda/tars1/hmgcl/iars2/eprs1/aldh6a1/aspg/dlst/abat/shmt1/iars1/aldh4a1/gpt/glula/dars2/glsa	59
GO:0051153	regulation of striated muscle cell differentiation	11/3264	24/18773	0.458333333333333	2.63611877042484	3.67933933369569	0.00116236014620476	0.0285423991456946	0.0244027656425443	rbm24a/smyd1b/myf5/hnrnpl2/fkrp/myod1/rbm24b/dab2/mymk/thraa/prmt5	11
GO:0061387	regulation of extent of cell growth	18/3264	50/18773	0.36	2.07055147058824	3.47730900910236	0.00126048387106486	0.0307081661186983	0.0262544216161293	pard6gb/l1camb/dip2ba/clstn1/ulk1b/casp3a/ext2/sema3d/dscamb/ulk2/robo2/kif15/dcc/tncb/cntn2/cdkl5/epha4a/epha4b	18
GO:0048675	axon extension	27/3264	87/18773	0.310344827586207	1.7849581643002	3.36656043211959	0.00129490775555834	0.0313003484038868	0.0267607170207082	cyfip1/l1camb/dip2ba/kif1b/robo3/dclk1a/ulk1b/nrxn2a/nrp1a/ext2/ist1/myo9aa/sema3d/dscamb/ulk2/robo2/myo9ab/isl2a/kif15/dcc/tncb/mapk8ip3/cntn2/cdkl5/pcdh17/epha4a/epha4b	27
GO:0051094	positive regulation of developmental process	67/3264	271/18773	0.247232472324723	1.42196544208089	3.20989363600084	0.00133266341048329	0.0318418665850663	0.0272236963658938	erf/nelfe/tmem64/mtdha/elmo1/pithd1/rbm24a/aplnra/olig2/itga3b/csf3a/inpp5d/brinp3a.2/mitfa/l1camb/neurod4/clstn1/hoxc9a/gdnfa/aplnrb/smad2/vcanb/sox5/myf5/gata3/add1/itgb1a/ezh2/fxr2/sox6/fgf3/swap70b/il34/nudt21/ppp1r13l/gdf10a/csf1ra/dscamb/numbl/supt5h/lhx1a/gdpd5b/robo2/clstn2b/tiam1b/mdkb/hapln3/myod1/rbm24b/pgam5/tncb/dab2/tiam2a/nlk1/thraa/gata2a/cntn2/cdkl5/brinp3b/ephb3a/chd7/stab1/plcd4a/hapln4/lpar3/amigo3/fxr1	67
GO:0008088	axo-dendritic transport	14/3264	35/18773	0.4	2.30061274509804	3.53312383959764	0.00133789355399438	0.0318418665850663	0.0272236963658938	trim46b/dtnbp1b/mfn2/kif1aa/kif1b/clstn1/pafah1b1a/dtnbp1a/sybu/mapk8ip3/kif17/kif1ab/arl8a/ap3d1	14
GO:0044804	nucleophagy	10/3264	21/18773	0.476190476190476	2.73882469654528	3.65746433488342	0.001356178522738	0.032030659155354	0.0273851074940988	atg4c/snx30/ulk1b/atg4da/atg9b/atg13/ulk3/ulk2/atg4db/wipi1	10
GO:0001755	neural crest cell migration	32/3264	109/18773	0.293577981651376	1.68852311566829	3.3072563671284	0.00138886871129601	0.0325542408541656	0.027832751766243	col2a1a/sema3gb/sema3b/fn1a/erbb2/foxi1/cxcr4a/foxd3/plod3/gdnfa/nrarpa/sema3aa/prickle1b/hmgcrb/nrp1a/sema3d/sema3ab/sema3e/sema4ba/wdr11/disc1/lbh/hif1ab/bmp2b/pax6a/tncb/atp6v0a1a/arl6ip1/fscn1a/chd7/chd8/capzb	32
GO:0016071	mRNA metabolic process	108/3264	474/18773	0.227848101265823	1.31047561429635	3.14080835197156	0.00141460955450912	0.0329082854259491	0.0281354476492396	cdk12/u2af2b/ago3b/cpsf1/tent5bb/skic2/ddx39b/khdrbs1b/ago2/rbm24a/rbm15/sf3a1/prpf40a/tent5c/sf3b1/upf3a/cwc22/pelo/rbfox3a/snrpc/pcif1/snrpb/prpf6/gdnfa/rc3h2/ppwd1/exosc8/smg8/cpsf6/tnpo3/pus7l/cnot6a/cnot8/srsf1b/fastkd2/ern2/dis3/zgc:66388/ythdf3/pus3/luc7l/sf3b2/fxr2/rbm4.2/sltm/dis3l/esrp2/celf1/puf60b/pabpn1l/marveld3/celf6/sf3b3/nudt21/snrpa/hnrnpul1/dhx34/sb:cb81/supv3l1/thoc2/prpf19/polr2g/hnrnpa0l/wtap/hnrnpl2/prpf8/dhx16/rprd2b/cnot10/smg9/cnot3a/smg5/rbm8a/rbm24b/srrm3/snrnp27/sart3/srsf7a/hnrnpl/usp39/pnn/samd4a/zfp36l1a/rbfox3b/ilf3b/eftud2/casc3/rbfox1/smg1/bud31/cpsf4/xab2/luc7l3/dazap1/cstf1/mrto4/gemin6/exosc4/thoc1/rc3h1b/ptbp2b/ptbp1a/fastk/puf60a/smg7/upf1/celf5a/fxr1	108
GO:0033333	fin development	34/3264	118/18773	0.288135593220339	1.65722104519774	3.28543809503928	0.00143098606488821	0.0330408274982397	0.0282487665441011	col22a1/hoxa13a/trim33/mmp9/hmcn2/shox/rdh1/itga3b/wnt2ba/pi4kaa/nipblb/cul4a/pi4k2b/tll1/hhip/hand2/ext2/aldh1a2/fibinb/sall1a/shha/hnrnpul1/sufu/osr1/fgf16/hmcn1/gja1b/fndc3a/tbx4/slc43a2a/fbln1/megf6b/and2/acvr1l	34
GO:0060538	skeletal muscle organ development	45/3264	168/18773	0.267857142857143	1.54058889180672	3.22883142156023	0.00147388517532053	0.0337792646847535	0.0288801048388343	col22a1/ngly1/pleca/rbm24a/smyd1b/unc45b/gfpt1/myl1/kif5bb/desmb/lamb2/smad4a/tln1/ryr1a/ngs/myf5/col15a1a/cavin4b/smyhc1/pygmb/sox6/dnajb6b/shha/myo9aa/ryr1b/six1a/fhl1a/ryr3/hnrnpl2/fkrp/postnb/nphs1/myo9ab/myod1/rbm24b/golga2/myhz2/hmgcra/mymk/selenon/itga7/klhl40a/prmt5/atp1a2a/fxr1	45
GO:0050804	modulation of chemical synaptic transmission	43/3264	159/18773	0.270440251572327	1.55544572388704	3.22670145479387	0.00151269340704764	0.0339891008474065	0.0290595075118336	dtnbp1b/dlgap3/grid2/lzts1/nptx2b/dlgap4b/cacng5a/grm2a/syt2a/clstn1/lrrc4.1/drd4-rs/syt1a/gria1b/gria2a/rims1b/dlgap1b/neto1l/drd3/fxr2/jph3a/grm3/lrrc4.2/rapsn/rims1a/btbd9/nlgn3a/gria1a/clstn2b/grik5/cacng8b/dtnbp1a/grid1a/hcrt/grin2ca/cacng2a/grm2b/grin3ba/dlgap1a/slc6a9/atcaya/pxk/fxr1	43
GO:0099177	regulation of trans-synaptic signaling	43/3264	159/18773	0.270440251572327	1.55544572388704	3.22670145479387	0.00151269340704764	0.0339891008474065	0.0290595075118336	dtnbp1b/dlgap3/grid2/lzts1/nptx2b/dlgap4b/cacng5a/grm2a/syt2a/clstn1/lrrc4.1/drd4-rs/syt1a/gria1b/gria2a/rims1b/dlgap1b/neto1l/drd3/fxr2/jph3a/grm3/lrrc4.2/rapsn/rims1a/btbd9/nlgn3a/gria1a/clstn2b/grik5/cacng8b/dtnbp1a/grid1a/hcrt/grin2ca/cacng2a/grm2b/grin3ba/dlgap1a/slc6a9/atcaya/pxk/fxr1	43
GO:0035107	appendage morphogenesis	23/3264	71/18773	0.323943661971831	1.86317229356531	3.34288232980342	0.00152536965176051	0.0339891008474065	0.0290595075118336	col22a1/mmp9/hmcn2/rdh1/itga3b/wnt2ba/pi4kaa/nipblb/cul4a/tll1/hand2/ext2/fibinb/sall1a/shha/fgf16/hmcn1/gja1b/tbx4/slc43a2a/fbln1/megf6b/acvr1l	23
GO:0009968	negative regulation of signal transduction	107/3264	470/18773	0.227659574468085	1.30939129641218	3.11626463559938	0.00152755707801965	0.0339891008474065	0.0290595075118336	syngap1a/snx13/gsk3aa/sostdc1b/stk3/phf14/sesn2/trabd2b/ptch1/aplnra/ift122/pde11a/arhgap22b/mgrn1a/bambia/socs5a/nog3/si:dkey-237i9.1/inpp5d/bcl6aa/usp4/eya2/sulf2b/bcl2l1/rerea/ctnnbip1/aplnrb/nf1b/dusp16/arhgap24/dusp4/si:ch211-247j9.1/fbxw7/hhip/pnpla6/dla/tsc2/nck1b/lztfl1/eya1/skilb/arhgap29a/nog2/kif7/tmem88b/smad6a/crtc3/nedd4a/tle3a/rasa2/tnfaip3/spred2b/sufu/vwc2/dlg5a/atl1/nme5/prpf19/slc25a5/prkaa2/chac1/sesn1/rffl/numbl/supt5h/dlc/nf1a/spartb/inppl1a/dkk3b/samtor/grb10b/ptpn2a/nradd/pde11al/araf/tcima/dab2/fsta/rgs3a/grem1b/mapkbp1/strn3/zfyve28/kctd13/nkiras2/nlk1/si:ch211-195b15.8/axin1/arhgap44a/kank2/axin2/sec14l1/rargb/adgrl2a/zgpat/arhgap29b/ptbp1a/faim2a/ptch2/skila/chd8/gpc1b/ncln/arhgap45b/tle2a/tp53bp2b	107
GO:0048871	multicellular organismal-level homeostasis	70/3264	287/18773	0.24390243902439	1.40281264945002	3.15472148845626	0.00154611679939253	0.0339891008474065	0.0290595075118336	atp5if1a/csnk2b/tmem64/ago2/clasp2/rpl11/trim33/alas2/adora2aa/ift122/slc40a1/tcf7l2/glrx3/slc25a38b/abcc6a/inpp5d/p4htmb/emc3/fam210b/mipb/sulf2b/bcl2l1/mipa/tjp2a/nrf1/rps14/cul4a/casp3a/hemgn/mllt10/ezh2/epoa/tjp1a/shha/piezo1/cpt1b/bbs2/cngb1a/actr2b/ism1/eys/gpr137ba/sparc/sfxn1/ctnna1/syne2a/ift172/numbl/hif1al/ptpn9a/cicb/usp45/sart3/smarca1/akap10/prdm12b/sptb/exoc5/mcoln1b/hcrt/alas1/gata2a/cdc42/park7/chd7/ptbp1a/chd8/stk11/tjp3/lpar3	70
GO:0006282	regulation of DNA repair	16/3264	43/18773	0.372093023255814	2.14010487916097	3.43359124718666	0.0015489538524513	0.0339891008474065	0.0290595075118336	spire1a/fh/usp1/eya2/actr2a/eya1/ppp4r3b/actr2b/shld2/parga/smek1/si:ch211-127m7.2/spire2/babam1/rtel1/hdgfl2	16
GO:0048483	autonomic nervous system development	21/3264	63/18773	0.333333333333333	1.9171772875817	3.34522337190597	0.00160756735512539	0.0348944780108385	0.0298335737220553	med24/gfra1b/cxcr4a/foxd3/gdnfa/ryr1a/nup98/mab21l2/hand2/sema3d/mapk8a/phox2bb/ryr3/bmp2b/dscamb/bace2/rad21a/mdga2a/fscn1a/chd8/ncln	21
GO:0071599	otic vesicle development	20/3264	59/18773	0.338983050847458	1.94967181787969	3.35161938257018	0.00163275900670537	0.0348944780108385	0.0298335737220553	rbm24a/foxi1/tfap2c/gata3/supt6h/wwc1/cul4a/atp1a1a.1/eya1/fgf3/pax2a/wnt8b/sparc/myo6a/hnf1ba/fsta/gsc/esrrga/npc1/sox2	20
GO:0001655	urogenital system development	8/3264	15/18773	0.533333333333333	3.06748366013072	3.67479316121755	0.00166664120838328	0.0348944780108385	0.0298335737220553	pard6gb/wnt3/nog3/wtip/slc12a3/osr1/lhx1a/tbx20	8
GO:0048640	negative regulation of developmental growth	8/3264	15/18773	0.533333333333333	3.06748366013072	3.67479316121755	0.00166664120838328	0.0348944780108385	0.0298335737220553	dip2ba/ulk1b/wwc1/ulk2/robo2/tncb/epha4a/epha4b	8
GO:0060896	neural plate pattern specification	8/3264	15/18773	0.533333333333333	3.06748366013072	3.67479316121755	0.00166664120838328	0.0348944780108385	0.0298335737220553	sfpq/smad2/sbno1/foxa3/wnt8b/smarca1/gsc/axin1	8
GO:0046958	nonassociative learning	7/3264	12/18773	0.583333333333333	3.35506025326797	3.74371779678615	0.00166916055126183	0.0348944780108385	0.0298335737220553	kif2a/vps11/nf1b/adgrl3.1/nf1a/pappaa/cacna2d3	7
GO:0046959	habituation	7/3264	12/18773	0.583333333333333	3.35506025326797	3.74371779678615	0.00166916055126183	0.0348944780108385	0.0298335737220553	kif2a/vps11/nf1b/adgrl3.1/nf1a/pappaa/cacna2d3	7
GO:0090407	organophosphate biosynthetic process	88/3264	377/18773	0.23342175066313	1.34253263639673	3.08211885082444	0.00178519733874999	0.0370698024569965	0.0316934010051482	atp5if1a/pip5k1aa/ctps1a/ampd1/si:dkey-190g11.3/impdh2/gfpt1/nadka/pdk1/upp2/gucy2cb/adkb/ip6k2b/adcy6a/adcy6b/pi4kaa/pigo/nampt1/chpt1/impdh1b/atp5f1c/atp5fa1/itpkca/rrm1/pgap2/gfpt2/atp5pf/pi4k2b/ugdh/si:dkey-22n8.3/pi4k2a/idi1/si:dkey-172j4.3/adcy7/gc2/ampd3a/kars1/dut/impdh1a/ampd3b/gmps/itpkcb/pcyt1ab/elovl5/haao/adss2/ckba/pigg/nme5/prps1b/nme6/pfas/paics/itpkb/efr3bb/gucy2f/mpi/ppip5k1b/ckmt1/adcy3a/elovl4a/adcy2a/pip5k1ab/pigv/ctps1b/acacb/prps1a/uap1l1/ckma/ckmt2b/serinc5/npr2/acaca/ttc7b/cmpk2/dlst/gcdhb/nme3/aspdh/aclya/atp5f1b/pank4/etnk2/adcy1b/pigk/elovl1a/adcy8/pdhb	88
GO:0022037	metencephalon development	21/3264	64/18773	0.328125	1.88722139246324	3.26163346331207	0.00200663568786179	0.0413342531277444	0.0353393590684931	agtpbp1/olig2/atoh1c/exosc8/prickle1b/otx2a/atg4da/gbx1/fgf3/pax2a/disc1/snx14/brf1b/bmp2b/lhx1a/clpb/prdm13/mdga2a/otx2b/rnf216/celsr2	21
GO:0010648	negative regulation of cell communication	109/3264	484/18773	0.225206611570248	1.29528300214714	3.01928839939734	0.00203064204118201	0.0413342531277444	0.0353393590684931	syngap1a/snx13/gsk3aa/sostdc1b/stk3/phf14/sesn2/trabd2b/ptch1/aplnra/ift122/pde11a/arhgap22b/mgrn1a/bambia/socs5a/nog3/si:dkey-237i9.1/inpp5d/bcl6aa/usp4/eya2/sulf2b/bcl2l1/rerea/ctnnbip1/aplnrb/nf1b/dusp16/drd4-rs/arhgap24/dusp4/si:ch211-247j9.1/fbxw7/hhip/pnpla6/dla/tsc2/nck1b/lztfl1/eya1/drd3/skilb/arhgap29a/nog2/kif7/tmem88b/smad6a/crtc3/nedd4a/tle3a/rasa2/tnfaip3/spred2b/sufu/vwc2/dlg5a/atl1/nme5/prpf19/slc25a5/prkaa2/chac1/sesn1/rffl/numbl/supt5h/dlc/nf1a/spartb/inppl1a/dkk3b/samtor/grb10b/ptpn2a/nradd/pde11al/araf/tcima/dab2/fsta/rgs3a/grem1b/mapkbp1/strn3/zfyve28/kctd13/nkiras2/nlk1/si:ch211-195b15.8/axin1/arhgap44a/kank2/axin2/sec14l1/rargb/adgrl2a/zgpat/arhgap29b/ptbp1a/faim2a/ptch2/skila/chd8/gpc1b/ncln/arhgap45b/tle2a/tp53bp2b	109
GO:0023057	negative regulation of signaling	109/3264	484/18773	0.225206611570248	1.29528300214714	3.01928839939734	0.00203064204118201	0.0413342531277444	0.0353393590684931	syngap1a/snx13/gsk3aa/sostdc1b/stk3/phf14/sesn2/trabd2b/ptch1/aplnra/ift122/pde11a/arhgap22b/mgrn1a/bambia/socs5a/nog3/si:dkey-237i9.1/inpp5d/bcl6aa/usp4/eya2/sulf2b/bcl2l1/rerea/ctnnbip1/aplnrb/nf1b/dusp16/drd4-rs/arhgap24/dusp4/si:ch211-247j9.1/fbxw7/hhip/pnpla6/dla/tsc2/nck1b/lztfl1/eya1/drd3/skilb/arhgap29a/nog2/kif7/tmem88b/smad6a/crtc3/nedd4a/tle3a/rasa2/tnfaip3/spred2b/sufu/vwc2/dlg5a/atl1/nme5/prpf19/slc25a5/prkaa2/chac1/sesn1/rffl/numbl/supt5h/dlc/nf1a/spartb/inppl1a/dkk3b/samtor/grb10b/ptpn2a/nradd/pde11al/araf/tcima/dab2/fsta/rgs3a/grem1b/mapkbp1/strn3/zfyve28/kctd13/nkiras2/nlk1/si:ch211-195b15.8/axin1/arhgap44a/kank2/axin2/sec14l1/rargb/adgrl2a/zgpat/arhgap29b/ptbp1a/faim2a/ptch2/skila/chd8/gpc1b/ncln/arhgap45b/tle2a/tp53bp2b	109
GO:0140694	non-membrane-bounded organelle assembly	64/3264	261/18773	0.245210727969349	1.41033731500263	3.06247847615137	0.00208310664595746	0.0421250455071397	0.0360154592452087	clasp2/mterf3/rbm24a/smyd1b/unc45b/pgm5/neb/itga3b/tubgcp2/erbb2/dlgap5/cxcr4a/znf207b/rpl5b/tubgcp5/mybphb/mybpha/tln1/mef2ca/mapre3b/csrp2/lmod2b/flncb/tnnt2c/chchd10/rps14/dusp27/tmod1/g3bp2a/tubgcp3/ccsapa/si:ch211-161h7.4/spice1/obscnb/mybpc2b/smyhc1/smyhc2/gjd6/ddx28/tnnt3b/dnajb6b/tubgcp4/mef2aa/ddx6/rab11fip5a/hs3st1l1/rab11fip5b/mdn1/fkrp/si:ch211-11n16.2/tnnt2d/tnnt3a/mef2d/rcc1/washc5/znf207a/thraa/mrto4/myh7/myh7l/rps28/ppp2r3a/myom1a/fxr1	64
GO:0008038	neuron recognition	13/3264	33/18773	0.393939393939394	2.26575497623292	3.3385683349565	0.00232112577009139	0.0463326653720178	0.039612828932018	erbb2/robo3/nrp1a/sema3d/crtac1b/dscamb/dscaml1/robo2/robo1/tncb/adcy1b/ephb3a/adcy8	13
GO:0032400	melanosome localization	13/3264	33/18773	0.393939393939394	2.26575497623292	3.3385683349565	0.00232112577009139	0.0463326653720178	0.039612828932018	zgc:91968/ift122/bbs5/cep131/rab3ip/cct2/bbs2/mchr2b/adcy3a/trim32/exoc5/cdc42/bbip1	13
GO:0006402	mRNA catabolic process	42/3264	158/18773	0.265822784810127	1.52888821667908	3.06266407516823	0.00242359581114067	0.0480679835876233	0.0410964660822976	ago3b/tent5bb/skic2/ago2/rbm24a/tent5c/upf3a/pelo/gdnfa/rc3h2/exosc8/smg8/cnot6a/cnot8/fastkd2/dis3/ythdf3/fxr2/dis3l/celf1/pabpn1l/dhx34/sb:cb81/supv3l1/polr2g/cnot10/smg9/cnot3a/smg5/rbm8a/rbm24b/samd4a/zfp36l1a/casc3/smg1/mrto4/exosc4/rc3h1b/fastk/smg7/upf1/fxr1	42
GO:0051216	cartilage development	51/3264	201/18773	0.253731343283582	1.45934390547264	3.00362077555974	0.00265495551901826	0.0522869525550236	0.0447035388598559	col11a2/matn1/hcfc1b/mmp9/prdm16/gfpt1/fn1a/lss/smarcal1/cnmd/trrap/nog3/kif5bb/foxd3/l1camb/sulf2b/rerea/loxa/mef2ca/sox5/esrra/msmo1/htt/nrp1a/col11a1a/nog2/b3gat3/ext2/sox6/irx5a/atg13/shha/fgf3/sec24d/sema3d/jag1b/disc1/sparc/bmp2b/fat3a/mpi/unc45a/kat6a/scfd1/dnmt1/cdkl5/chd7/and2/pappa2/acvr1l/ncl	51
GO:0000381	regulation of alternative mRNA splicing, via spliceosome	16/3264	45/18773	0.355555555555556	2.04498910675381	3.21966561606892	0.00267011587061853	0.0522869525550236	0.0447035388598559	khdrbs1b/rbm24a/rbm15/rbfox3a/snrpc/celf1/puf60b/celf6/wtap/rbm8a/rbm24b/srrm3/rbfox3b/rbfox1/puf60a/celf5a	16
GO:0048668	collateral sprouting	8/3264	16/18773	0.5	2.87576593137255	3.44346280023867	0.0028279439616173	0.0550292994795215	0.0470481507814913	pard6gb/clstn1/ulk1b/casp3a/ulk2/robo2/epha4a/epha4b	8
GO:0000302	response to reactive oxygen species	12/3264	30/18773	0.4	2.30061274509804	3.27060073542239	0.00291731862514902	0.0564136489138192	0.0482317217434177	sesn2/ppifb/gpx1b/romo1/sod3b/prdx2/sesn1/cat/park7/prdx1/txndc12/per2	12
GO:0032535	regulation of cellular component size	47/3264	183/18773	0.256830601092896	1.47716938551377	2.97575294446577	0.00295017366162264	0.0566946416711829	0.0484719608477129	pard6gb/fam49al/myo3b/capgb/scinla/cyfip1/l1camb/dip2ba/clstn1/lmod2b/twf1b/hcls1/add1/ulk1b/arpc3/tmod1/casp3a/nck1b/myo3a/smyhc1/ext2/slc12a4/piezo1/sema3d/slc12a3/gpr137ba/cyfip2/arpc5b/dscamb/ulk2/robo2/zgc:153039/unc45a/kif15/dcc/add2/tncb/cdc42ep2/evla/sptb/nde1/kank2/cntn2/cdkl5/epha4a/epha4b/capzb	47
GO:0060560	developmental growth involved in morphogenesis	44/3264	169/18773	0.260355029585799	1.49744024828866	2.98002260324485	0.0029861028855777	0.0570308785677617	0.0487594317833448	pard6gb/fn1a/stk25a/cyfip1/l1camb/dip2ba/kif1b/clstn1/smad2/robo3/dclk1a/ulk1b/nrxn2a/casp3a/nrp1a/dvl2/ext2/cdh5/ist1/myo9aa/sema3d/swap70b/nrn1la/dscamb/ulk2/gdpd5b/robo2/myo9ab/isl2a/kif15/eaf1/dcc/tncb/fcho2/mapk8ip3/ap2a1/cntn2/cdkl5/pcdh17/ppp2r3a/ap1g2/epha4a/epha4b/plcd4a	44
GO:0030859	polarized epithelial cell differentiation	6/3264	10/18773	0.6	3.45091911764706	3.55644658193761	0.00304552495756839	0.0574564281629061	0.0491232619921012	fn1a/myh11a/hand2/lama1/myo9aa/myo9ab	6
GO:0042542	response to hydrogen peroxide	6/3264	10/18773	0.6	3.45091911764706	3.55644658193761	0.00304552495756839	0.0574564281629061	0.0491232619921012	ppifb/gpx1b/cat/park7/txndc12/per2	6
