rank	motif_DB	motif_ID	motif_alt_ID	consensus	p-value	adj_p-value	E-value	tests	FASTA_max	pos	neg	PWM_min	TP	%TP	FP	%FP
1	motif_db/JASPAR/JASPAR2026_CORE_vertebrates_non-redundant.meme	MA1999.2	Prdm5	GTTCTCCATCT	1.77e-88	1.13e-84	2.54e-81	6377	19557	19557	19557	1.2	3890	19.89	2444	12.50
2	motif_db/JASPAR/JASPAR2026_CORE_vertebrates_non-redundant.meme	MA0697.3	Zic3	CAGCAGG	2.46e-73	2.12e-69	4.77e-66	8631	19557	19557	19557	2.66	3001	15.34	1829	9.35
3	motif_db/JASPAR/JASPAR2026_CORE_vertebrates_non-redundant.meme	MA0500.3	MYOG	RCAGCTGY	6.37e-53	2.37e-49	5.34e-46	3730	19557	19557	19557	1.11	2276	11.64	1398	7.15
4	motif_db/JASPAR/JASPAR2026_CORE_vertebrates_non-redundant.meme	MA2581.1	ZNF66	GGAGCTGC	6.27e-52	1.48e-48	3.32e-45	2355	19557	19557	19557	5.93	1158	5.92	552	2.82
5	motif_db/JASPAR/JASPAR2026_CORE_vertebrates_non-redundant.meme	MA1579.2	ZBTB26	CTCCAGAA	1.91e-50	8.45e-47	1.90e-43	4425	19557	19557	19557	1.17	2592	13.25	1676	8.57
6	motif_db/EUKARYOTE/jolma2013.meme	YY2_full_1		NCCGCCATNTY	9.19e-49	6.28e-45	1.41e-41	6835	19557	19557	19557	1.3	3563	18.22	2516	12.86
7	motif_db/JASPAR/JASPAR2026_CORE_vertebrates_non-redundant.meme	MA1472.3	Bhlha15	ACAGCTGT	8.63e-48	4.05e-44	9.11e-41	4694	19557	19557	19557	1.12	2782	14.23	1858	9.50
8	motif_db/EUKARYOTE/jolma2013.meme	Rhox11_DBD		YGCTGTWAH	4.74e-43	3.79e-39	8.53e-36	8005	19557	19557	19557	1.06	4537	23.20	3445	17.62
9	motif_db/EUKARYOTE/jolma2013.meme	YY1_full		NCCGCCATTRH	8.67e-42	6.46e-38	1.45e-34	7449	19557	19557	19557	1.76	3208	16.40	2282	11.67
10	motif_db/JASPAR/JASPAR2026_CORE_vertebrates_non-redundant.meme	MA1641.2	MYF5	ACAGCTGT	1.11e-38	5.01e-35	1.13e-31	4502	19557	19557	19557	1.34	2362	12.08	1591	8.14
11	motif_db/JASPAR/JASPAR2026_CORE_vertebrates_non-redundant.meme	MA1100.3	ASCL1	GCAGCTGC	8.63e-39	6.74e-35	1.51e-31	7804	19557	19557	19557	1.99	3313	16.94	2407	12.31
12	motif_db/MOUSE/uniprobe_mouse.meme	UP00099_1	Ascl2_primary	NKYARCAGCTGCYVHHK	4.47e-37	2.23e-33	5.02e-30	4990	19557	19557	19557	1.93	2398	12.26	1637	8.37
13	motif_db/JASPAR/JASPAR2026_CORE_vertebrates_non-redundant.meme	MA0748.3	YY2	ATGGCGG	7.14e-37	2.61e-33	5.86e-30	3648	19557	19557	19557	1.26	1974	10.09	1285	6.57
14	motif_db/EUKARYOTE/jolma2013.meme	Ascl2_DBD		ARCAGCTGCY	9.01e-37	3.50e-33	7.86e-30	3880	19557	19557	19557	1.2	2271	11.61	1533	7.84
15	motif_db/EUKARYOTE/jolma2013.meme	FOXD3_DBD_2		GTAAAYA	4.71e-35	3.07e-31	6.89e-28	6514	19557	19557	19557	1.07	3655	18.69	2755	14.09
16	motif_db/JASPAR/JASPAR2026_CORE_vertebrates_non-redundant.meme	MA0629.2	Rhox11	CGCTGTWAW	2.72e-34	8.34e-31	1.87e-27	3062	19557	19557	19557	1.16	1789	9.15	1156	5.91
17	motif_db/JASPAR/JASPAR2026_CORE_vertebrates_non-redundant.meme	MA2565.1	ZNF70	RGGAGG	1.98e-34	1.25e-30	2.82e-27	6312	19557	19557	19557	1.58	3202	16.37	2361	12.07
18	motif_db/EUKARYOTE/jolma2013.meme	Foxk1_DBD_2		RTAAACA	5.12e-34	4.86e-30	1.09e-26	9491	19557	19557	19557	1.07	5171	26.44	4151	21.23
19	motif_db/JASPAR/JASPAR2026_CORE_vertebrates_non-redundant.meme	MA0816.1	Ascl2	ARCAGCTGCY	5.29e-33	1.96e-29	4.40e-26	3703	19557	19557	19557	1.15	2191	11.20	1503	7.69
20	motif_db/JASPAR/JASPAR2026_CORE_vertebrates_non-redundant.meme	MA1721.2	ZNF93	GGYAGCRGCAGCGG	5.31e-32	7.33e-29	1.65e-25	1379	19557	19557	19557	1.46	902	4.61	477	2.44
21	motif_db/JASPAR/JASPAR2026_CORE_vertebrates_non-redundant.meme	MA1628.2	Zic1::Zic2	CAGCAGG	1.73e-32	8.89e-29	2.00e-25	5133	19557	19557	19557	1.08	2950	15.08	2163	11.06
22	motif_db/JASPAR/JASPAR2026_CORE_vertebrates_non-redundant.meme	MA1646.2	OSR2	ACAGAAGC	2.51e-32	1.75e-28	3.94e-25	6975	19557	19557	19557	1.31	3538	18.09	2686	13.73
23	motif_db/JASPAR/JASPAR2026_CORE_vertebrates_non-redundant.meme	MA0521.3	Tcf12	CAGCTG	3.40e-32	1.92e-28	4.32e-25	5657	19557	19557	19557	1.05	3234	16.54	2417	12.36
24	motif_db/JASPAR/JASPAR2026_CORE_vertebrates_non-redundant.meme	MA1997.2	Olig2	CAGCTG	1.89e-31	4.49e-28	1.01e-24	2369	19557	19557	19557	1.2	1381	7.06	850	4.35
25	motif_db/MOUSE/uniprobe_mouse.meme	UP00084_2	Gmeb1_secondary	KGRBCRACGTYGTYHW	3.96e-31	1.21e-27	2.73e-24	3058	19557	19557	19557	1.23	1829	9.35	1218	6.23
26	motif_db/MOUSE/uniprobe_mouse.meme	UP00193_2	Rhox11_2205.1	ANKNCGCTGTWAWDVRW	9.30e-31	2.13e-27	4.78e-24	2287	19557	19557	19557	1.27	1409	7.20	878	4.49
27	motif_db/JASPAR/JASPAR2026_CORE_vertebrates_non-redundant.meme	MA0130.1	ZNF354C	MTCCAC	8.88e-31	9.49e-27	2.13e-23	10685	19557	19557	19557	4.65	2637	13.48	1910	9.77
28	motif_db/MOUSE/uniprobe_mouse.meme	UP00193_1	Rhox11_1765.2	ANKNCGCTGTWAWDVRW	2.32e-29	5.11e-26	1.15e-22	2198	19557	19557	19557	1.26	1351	6.91	843	4.31
29	motif_db/JASPAR/JASPAR2026_CORE_vertebrates_non-redundant.meme	MA0157.4	Foxo3	GTAAACA	3.05e-29	1.54e-25	3.47e-22	5056	19557	19557	19557	1.11	2826	14.45	2094	10.71
30	motif_db/EUKARYOTE/jolma2013.meme	FOXD2_DBD_2		GTAAACA	2.43e-29	1.72e-25	3.88e-22	7088	19557	19557	19557	1.05	3968	20.29	3116	15.93
31	motif_db/MOUSE/uniprobe_mouse.meme	UP00074_2	Isgf3g_secondary	GVAAAACABDACYD	2.14e-29	2.27e-25	5.11e-22	10598	19557	19557	19557	1.13	5560	28.43	4589	23.46
32	motif_db/JASPAR/JASPAR2026_CORE_vertebrates_non-redundant.meme	MA1619.2	Ptf1A	ACAGCTGT	3.80e-27	1.66e-23	3.74e-20	4380	19557	19557	19557	1.3	2302	11.77	1662	8.50
33	motif_db/EUKARYOTE/jolma2013.meme	FOXO4_DBD_2		GTAAACA	1.13e-26	4.72e-23	1.06e-19	4196	19557	19557	19557	1.15	2314	11.83	1678	8.58
34	motif_db/JASPAR/JASPAR2026_CORE_vertebrates_non-redundant.meme	MA0848.1	FOXO4	GTAAACA	1.52e-26	6.23e-23	1.40e-19	4109	19557	19557	19557	1.09	2341	11.97	1703	8.71
35	motif_db/EUKARYOTE/jolma2013.meme	CDX1_DBD		GYMATAAAA	1.91e-26	8.93e-23	2.01e-19	4690	19557	19557	19557	1.13	2597	13.28	1928	9.86
36	motif_db/EUKARYOTE/jolma2013.meme	YY2_DBD		RWCCGCCATTW	5.62e-26	1.71e-22	3.84e-19	3034	19557	19557	19557	1.57	1451	7.42	954	4.88
37	motif_db/JASPAR/JASPAR2026_CORE_vertebrates_non-redundant.meme	MA1993.2	Neurod2	CAGCTG	3.30e-25	6.02e-22	1.35e-18	1825	19557	19557	19557	1.06	1127	5.76	698	3.57
38	motif_db/JASPAR/JASPAR2026_CORE_vertebrates_non-redundant.meme	MA0852.3	FOXK1	GTAAACA	1.69e-25	6.66e-22	1.50e-18	3937	19557	19557	19557	1.28	2013	10.29	1432	7.32
39	motif_db/EUKARYOTE/jolma2013.meme	Foxg1_DBD_3		GTAAACA	1.64e-25	6.81e-22	1.53e-18	4156	19557	19557	19557	1.07	2393	12.24	1761	9.00
40	motif_db/JASPAR/JASPAR2026_CORE_vertebrates_non-redundant.meme	MA2117.1	FOXP4	GTAAACA	1.76e-25	9.08e-22	2.04e-18	5165	19557	19557	19557	1.17	2765	14.14	2089	10.68
41	motif_db/JASPAR/JASPAR2026_CORE_vertebrates_non-redundant.meme	MA0633.3	Twist2	CAGCTG	1.19e-24	2.20e-21	4.96e-18	1854	19557	19557	19557	1.06	1140	5.83	713	3.65
42	motif_db/JASPAR/JASPAR2026_CORE_vertebrates_non-redundant.meme	MA1683.2	FOXA3	GTAAACA	5.26e-25	2.47e-21	5.54e-18	4690	19557	19557	19557	1.12	2569	13.14	1922	9.83
43	motif_db/JASPAR/JASPAR2026_CORE_vertebrates_non-redundant.meme	MA0606.3	Nfat5	ATGGAAAA	5.72e-25	2.96e-21	6.65e-18	5168	19557	19557	19557	1.21	2729	13.95	2064	10.55
44	motif_db/JASPAR/JASPAR2026_CORE_vertebrates_non-redundant.meme	MA1103.3	FOXK2	GTAAACA	2.39e-24	1.12e-20	2.53e-17	4704	19557	19557	19557	1.12	2575	13.17	1936	9.90
45	motif_db/JASPAR/JASPAR2026_CORE_vertebrates_non-redundant.meme	MA2118.1	FOXS1	TGTAAACA	3.16e-24	1.37e-20	3.07e-17	4319	19557	19557	19557	1.09	2470	12.63	1845	9.43
46	motif_db/JASPAR/JASPAR2026_CORE_vertebrates_non-redundant.meme	MA0480.3	Foxo1	GTAAACA	3.74e-24	2.05e-20	4.60e-17	5462	19557	19557	19557	1.07	3071	15.70	2381	12.17
47	motif_db/JASPAR/JASPAR2026_CORE_vertebrates_non-redundant.meme	MA0092.2	Hand1::Tcf3	RTCTGGMWT	2.69e-24	2.11e-20	4.75e-17	7858	19557	19557	19557	1.19	4105	20.99	3321	16.98
48	motif_db/JASPAR/JASPAR2026_CORE_vertebrates_non-redundant.meme	MA1109.2	NEUROD1	ACAGATGG	5.26e-24	2.76e-20	6.21e-17	5249	19557	19557	19557	1.35	2677	13.69	2031	10.39
49	motif_db/JASPAR/JASPAR2026_CORE_vertebrates_non-redundant.meme	MA1642.2	NEUROG2	CAGATGG	5.31e-24	3.28e-20	7.38e-17	6182	19557	19557	19557	1.76	2529	12.93	1900	9.72
50	motif_db/JASPAR/JASPAR2026_CORE_vertebrates_non-redundant.meme	MA1504.2	HOXC4	TMATTA	7.60e-24	3.61e-20	8.12e-17	4749	19557	19557	19557	6.37	1049	5.36	647	3.31
51	motif_db/JASPAR/JASPAR2026_CORE_vertebrates_non-redundant.meme	MA1616.2	Prdm15	GAAAACCTGGA	1.59e-23	4.84e-20	1.09e-16	3045	19557	19557	19557	1.48	1571	8.03	1078	5.51
52	motif_db/JASPAR/JASPAR2026_CORE_vertebrates_non-redundant.meme	MA0899.2	HOXA10	GYMATAAAA	1.51e-23	7.34e-20	1.65e-16	4865	19557	19557	19557	1.12	2689	13.75	2048	10.47
53	motif_db/JASPAR/JASPAR2026_CORE_vertebrates_non-redundant.meme	MA1507.2	HOXD4	TMATTA	2.50e-23	9.97e-20	2.24e-16	3983	19557	19557	19557	7	968	4.95	587	3.00
54	motif_db/JASPAR/JASPAR2026_CORE_vertebrates_non-redundant.meme	MA1499.2	HOXB4	TMATTA	2.90e-23	1.15e-19	2.59e-16	3970	19557	19557	19557	4.52	1224	6.26	793	4.05
55	motif_db/JASPAR/JASPAR2026_CORE_vertebrates_non-redundant.meme	MA1606.2	Foxf1	RTAAACA	3.69e-23	1.32e-19	2.98e-16	3589	19557	19557	19557	1.36	1733	8.86	1219	6.23
56	motif_db/JASPAR/JASPAR2026_CORE_vertebrates_non-redundant.meme	MA1593.2	ZNF317	ACAGCAGA	2.99e-23	1.82e-19	4.10e-16	6100	19557	19557	19557	1.1	3403	17.40	2695	13.78
57	motif_db/EUKARYOTE/jolma2013.meme	Foxc1_DBD_2		RTAAACA	3.03e-23	1.87e-19	4.21e-16	6178	19557	19557	19557	1.08	3393	17.35	2686	13.73
58	motif_db/MOUSE/uniprobe_mouse.meme	UP00015_1	Ehf_primary	VNNABCCGGAAGTDR	1.23e-22	3.84e-19	8.63e-16	3123	19557	19557	19557	1.21	1808	9.24	1289	6.59
59	motif_db/EUKARYOTE/jolma2013.meme	NHLH1_DBD		CGCAGCTGCS	2.14e-22	5.20e-19	1.17e-15	2429	19557	19557	19557	1.64	1263	6.46	833	4.26
60	motif_db/JASPAR/JASPAR2026_CORE_vertebrates_non-redundant.meme	MA1648.2	TCF12	CACCTGC	7.83e-23	6.04e-19	1.36e-15	7718	19557	19557	19557	1.08	4227	21.61	3459	17.69
61	motif_db/JASPAR/JASPAR2026_CORE_vertebrates_non-redundant.meme	MA1655.2	ZNF341	GAACAGCC	2.72e-22	1.51e-18	3.39e-15	5548	19557	19557	19557	1.09	3102	15.86	2437	12.46
62	motif_db/JASPAR/JASPAR2026_CORE_vertebrates_non-redundant.meme	MA0900.3	HOXA2	TAATTA	6.00e-22	1.62e-18	3.64e-15	2696	19557	19557	19557	4.75	983	5.03	610	3.12
63	motif_db/JASPAR/JASPAR2026_CORE_vertebrates_non-redundant.meme	MA0668.3	Neurod2	ACAGATGG	6.29e-22	3.17e-18	7.13e-15	5043	19557	19557	19557	1.18	2737	13.99	2114	10.81
64	motif_db/EUKARYOTE/jolma2013.meme	ELF5_full		AMSMGGAAGTD	9.22e-22	4.21e-18	9.47e-15	4567	19557	19557	19557	2.21	1725	8.82	1228	6.28
65	motif_db/EUKARYOTE/jolma2013.meme	ELF5_DBD		ACSMGGAAGTD	1.38e-21	4.79e-18	1.08e-14	3470	19557	19557	19557	1.66	1636	8.37	1154	5.90
66	motif_db/EUKARYOTE/jolma2013.meme	HOXC10_DBD_2		GYMATWAAAH	1.12e-21	5.76e-18	1.29e-14	5152	19557	19557	19557	1.08	2881	14.73	2247	11.49
67	motif_db/JASPAR/JASPAR2026_CORE_vertebrates_non-redundant.meme	MA0080.7	Spi1	AAAGAGGAAGTGG	2.18e-21	6.96e-18	1.57e-14	3201	19557	19557	19557	2.6	1302	6.66	875	4.47
68	motif_db/JASPAR/JASPAR2026_CORE_vertebrates_non-redundant.meme	MA0761.3	ETV1	ACAGGAAGT	1.73e-21	8.00e-18	1.80e-14	4619	19557	19557	19557	1.14	2581	13.20	1981	10.13
69	motif_db/MOUSE/uniprobe_mouse.meme	UP00013_2	Gabpa_secondary	CYNKYWTCCSMYBNVN	7.77e-22	1.01e-17	2.28e-14	13068	19557	19557	19557	1.52	4471	22.86	3704	18.94
70	motif_db/JASPAR/JASPAR2026_CORE_vertebrates_non-redundant.meme	MA1635.2	BHLHE22	CAGCTG	6.54e-21	1.09e-17	2.45e-14	1670	19557	19557	19557	40.8	841	4.30	506	2.59
71	motif_db/JASPAR/JASPAR2026_CORE_vertebrates_non-redundant.meme	MA1508.2	IKZF1	AACAGGAA	2.17e-21	1.26e-17	2.83e-14	5805	19557	19557	19557	1.41	2698	13.80	2087	10.67
72	motif_db/JASPAR/JASPAR2026_CORE_vertebrates_non-redundant.meme	MA1607.2	Foxl2	WATGTAAACA	4.24e-21	1.49e-17	3.35e-14	3517	19557	19557	19557	1.13	2021	10.33	1492	7.63
73	motif_db/JASPAR/JASPAR2026_CORE_vertebrates_non-redundant.meme	MA2469.1	FOXM1	GTAAACA	3.92e-21	1.81e-17	4.07e-14	4613	19557	19557	19557	1.31	2220	11.35	1666	8.52
74	motif_db/JASPAR/JASPAR2026_CORE_vertebrates_non-redundant.meme	MA2495.1	ZNF490	GRCAGCATAT	5.28e-21	1.87e-17	4.21e-14	3550	19557	19557	19557	1.18	2007	10.26	1481	7.57
75	motif_db/JASPAR/JASPAR2026_CORE_vertebrates_non-redundant.meme	MA1123.3	TWIST1	CCAGATGT	6.76e-21	3.99e-17	8.97e-14	5908	19557	19557	19557	1.7	2634	13.47	2037	10.42
76	motif_db/EUKARYOTE/jolma2013.meme	CDX2_DBD		GYMATAAAA	1.30e-20	5.07e-17	1.14e-13	3906	19557	19557	19557	1.09	2212	11.31	1666	8.52
77	motif_db/EUKARYOTE/jolma2013.meme	Elf5_DBD		AMSMGGAAGTD	1.01e-20	5.22e-17	1.17e-13	5170	19557	19557	19557	2.4	1784	9.12	1291	6.60
78	motif_db/JASPAR/JASPAR2026_CORE_vertebrates_non-redundant.meme	MA0033.2	FOXL1	RTAAACA	1.37e-20	5.73e-17	1.29e-13	4178	19557	19557	19557	1.06	2371	12.12	1807	9.24
79	motif_db/JASPAR/JASPAR2026_CORE_vertebrates_non-redundant.meme	MA0850.1	FOXP3	RTAAACA	8.60e-21	5.78e-17	1.30e-13	6716	19557	19557	19557	2.5	1997	10.21	1475	7.54
80	motif_db/JASPAR/JASPAR2026_CORE_vertebrates_non-redundant.meme	MA1530.2	NKX6-3	VYCATTAW	1.35e-20	6.84e-17	1.54e-13	5065	19557	19557	19557	1.53	2388	12.21	1822	9.32
81	motif_db/JASPAR/JASPAR2026_CORE_vertebrates_non-redundant.meme	MA0624.3	Nfatc1	TGGAAA	2.40e-20	7.23e-17	1.63e-13	3017	19557	19557	19557	13.8	1092	5.58	712	3.64
82	motif_db/EUKARYOTE/jolma2013.meme	HOXA10_DBD_2		DGYMATAAAAH	1.70e-20	8.22e-17	1.85e-13	4824	19557	19557	19557	1.09	2702	13.82	2104	10.76
83	motif_db/EUKARYOTE/jolma2013.meme	FOXI1_full_1		GTAAACA	3.48e-20	1.04e-16	2.33e-13	2977	19557	19557	19557	1.33	1422	7.27	988	5.05
84	motif_db/EUKARYOTE/jolma2013.meme	FOXP3_DBD		RTAAACA	1.57e-20	1.06e-16	2.39e-13	6760	19557	19557	19557	2.46	2008	10.27	1488	7.61
85	motif_db/JASPAR/JASPAR2026_CORE_vertebrates_non-redundant.meme	MA0042.2	FOXI1	GTAAACA	4.61e-20	1.28e-16	2.88e-13	2780	19557	19557	19557	1.24	1437	7.35	1002	5.12
86	motif_db/JASPAR/JASPAR2026_CORE_vertebrates_non-redundant.meme	MA2536.1	PRDM13	GCCACCTGCT	4.57e-20	1.61e-16	3.62e-13	3524	19557	19557	19557	1.26	1937	9.90	1432	7.32
87	motif_db/EUKARYOTE/jolma2013.meme	FOXL1_full_1		RTAAACA	5.54e-20	2.36e-16	5.30e-13	4257	19557	19557	19557	1.1	2368	12.11	1813	9.27
88	motif_db/JASPAR/JASPAR2026_CORE_vertebrates_non-redundant.meme	MA1631.2	ASCL1	GCACCTGCY	6.39e-20	3.10e-16	6.97e-13	4852	19557	19557	19557	1.13	2700	13.81	2111	10.79
89	motif_db/JASPAR/JASPAR2026_CORE_vertebrates_non-redundant.meme	MA0481.4	FOXP1	GTAAACA	1.04e-19	4.64e-16	1.04e-12	4480	19557	19557	19557	1.07	2507	12.82	1941	9.92
90	motif_db/EUKARYOTE/jolma2013.meme	TCF3_DBD		HRCACCTGBN	1.29e-19	5.08e-16	1.14e-12	3923	19557	19557	19557	1.08	2228	11.39	1694	8.66
91	motif_db/MOUSE/uniprobe_mouse.meme	UP00091_2	Sox5_secondary	NHDCATMATTDASNN	1.40e-19	1.44e-15	3.23e-12	10240	19557	19557	19557	1.08	5508	28.16	4727	24.17
92	motif_db/JASPAR/JASPAR2026_CORE_vertebrates_non-redundant.meme	MA0625.3	NFATC3	YGGAAA	1.60e-19	1.46e-15	3.28e-12	9138	19557	19557	19557	5.31	1315	6.72	905	4.63
93	motif_db/MOUSE/uniprobe_mouse.meme	UP00085_1	Sfpi1_primary	NDAWGVGGAAGTDN	3.09e-19	1.47e-15	3.31e-12	4774	19557	19557	19557	1.49	2249	11.50	1718	8.78
94	motif_db/MOUSE/uniprobe_mouse.meme	UP00090_1	Elf3_primary	DAHVMGGAARTWA	5.22e-19	2.30e-15	5.18e-12	4418	19557	19557	19557	1.13	2484	12.70	1931	9.87
95	motif_db/EUKARYOTE/jolma2013.meme	FOXO1_DBD_1		GTAAACAW	5.79e-19	2.91e-15	6.55e-12	5033	19557	19557	19557	1.25	2559	13.08	1999	10.22
96	motif_db/JASPAR/JASPAR2026_CORE_vertebrates_non-redundant.meme	MA2678.1	IRX1	CATGTW	3.69e-19	3.04e-15	6.83e-12	8232	19557	19557	19557	3.05	2295	11.73	1760	9.00
97	motif_db/JASPAR/JASPAR2026_CORE_vertebrates_non-redundant.meme	MA0522.4	TCF3	CACCTGC	4.53e-19	3.18e-15	7.14e-12	7010	19557	19557	19557	1.09	3819	19.53	3149	16.10
98	motif_db/EUKARYOTE/jolma2013.meme	HOXA13_DBD_1		CCMATAAAAH	9.48e-19	4.18e-15	9.41e-12	4414	19557	19557	19557	1.1	2474	12.65	1926	9.85
99	motif_db/JASPAR/JASPAR2026_CORE_vertebrates_non-redundant.meme	MA0903.2	HOXB3	YMATTA	1.03e-18	6.19e-15	1.39e-11	6022	19557	19557	19557	4.55	1033	5.28	679	3.47
100	motif_db/JASPAR/JASPAR2026_CORE_vertebrates_non-redundant.meme	MA1618.2	Ptf1A	ACAGATGTT	2.30e-18	1.33e-14	2.98e-11	5757	19557	19557	19557	1.15	3117	15.94	2515	12.86
101	motif_db/EUKARYOTE/jolma2013.meme	NRL_DBD		DWWNTGCTGAC	1.44e-18	1.35e-14	3.02e-11	9329	19557	19557	19557	1.08	5026	25.70	4291	21.94
102	motif_db/JASPAR/JASPAR2026_CORE_vertebrates_non-redundant.meme	MA0830.3	TCF4	GCACCTGC	2.76e-18	1.55e-14	3.49e-11	5611	19557	19557	19557	1.09	3098	15.84	2499	12.78
103	motif_db/JASPAR/JASPAR2026_CORE_vertebrates_non-redundant.meme	MA1992.2	Ikzf3	CAGGAAGTG	3.29e-18	1.68e-14	3.77e-11	5101	19557	19557	19557	2.18	1845	9.43	1376	7.04
104	motif_db/JASPAR/JASPAR2026_CORE_vertebrates_non-redundant.meme	MA2679.1	IRX2	WACATG	7.03e-18	2.27e-14	5.10e-11	3230	19557	19557	19557	5.07	1683	8.61	1239	6.34
105	motif_db/JASPAR/JASPAR2026_CORE_vertebrates_non-redundant.meme	MA0675.2	NKX6-2	YMATTA	3.68e-18	2.59e-14	5.82e-11	7023	19557	19557	19557	4.13	1092	5.58	733	3.75
106	motif_db/EUKARYOTE/jolma2013.meme	MSC_full		AACAGCTGTT	1.81e-17	3.41e-14	7.66e-11	1885	19557	19557	19557	1.28	1080	5.52	730	3.73
107	motif_db/JASPAR/JASPAR2026_CORE_vertebrates_non-redundant.meme	MA0148.5	FOXA1	GTAAACAT	1.01e-17	3.60e-14	8.10e-11	3585	19557	19557	19557	1.09	2035	10.41	1550	7.93
108	motif_db/JASPAR/JASPAR2026_CORE_vertebrates_non-redundant.meme	MA0904.3	HOXB5	TAATTA	1.34e-17	8.44e-14	1.90e-10	6276	19557	19557	19557	5.78	1026	5.25	684	3.50
109	motif_db/JASPAR/JASPAR2026_CORE_vertebrates_non-redundant.meme	MA0723.3	VAX2	YAATTA	1.19e-17	9.94e-14	2.23e-10	8324	19557	19557	19557	1.29	3708	18.96	3073	15.71
110	motif_db/JASPAR/JASPAR2026_CORE_vertebrates_non-redundant.meme	MA0665.1	MSC	AACAGCTGTT	5.81e-17	1.03e-13	2.31e-10	1767	19557	19557	19557	1.91	861	4.40	555	2.84
111	motif_db/EUKARYOTE/jolma2013.meme	Hoxd13_DBD_1		SYAATAAAAH	5.72e-17	1.86e-13	4.19e-10	3253	19557	19557	19557	1.1	1853	9.47	1400	7.16
112	motif_db/JASPAR/JASPAR2026_CORE_vertebrates_non-redundant.meme	MA2540.1	SP140L	ACGGCA	7.83e-17	2.16e-13	4.86e-10	2761	19557	19557	19557	3.07	905	4.63	592	3.03
113	motif_db/EUKARYOTE/jolma2013.meme	HOXD12_DBD_4		GYAATAAAA	4.40e-17	2.17e-13	4.88e-10	4934	19557	19557	19557	1.17	2591	13.25	2058	10.52
114	motif_db/EUKARYOTE/jolma2013.meme	POU6F2_DBD_1		ASCTMATTAW	9.15e-17	2.41e-13	5.42e-10	2632	19557	19557	19557	1.28	1410	7.21	1017	5.20
115	motif_db/JASPAR/JASPAR2026_CORE_vertebrates_non-redundant.meme	MA0650.4	Hoxa13	CCAATAAA	6.88e-17	2.46e-13	5.52e-10	3570	19557	19557	19557	1.25	1854	9.48	1402	7.17
116	motif_db/EUKARYOTE/jolma2013.meme	FOXC2_DBD_1		DGTMAATATTKACW	1.17e-16	2.86e-13	6.43e-10	2439	19557	19557	19557	1.25	1398	7.15	1008	5.15
117	motif_db/JASPAR/JASPAR2026_CORE_vertebrates_non-redundant.meme	MA1638.2	HAND2	CAGATG	8.24e-17	3.04e-13	6.84e-10	3695	19557	19557	19557	1.35	2002	10.24	1534	7.84
118	motif_db/EUKARYOTE/jolma2013.meme	TCF4_DBD		HRCACCTGBN	8.82e-17	3.28e-13	7.37e-10	3714	19557	19557	19557	1.34	1997	10.21	1530	7.82
119	motif_db/EUKARYOTE/jolma2013.meme	NKX6-2_DBD		NYMATTAA	5.06e-17	3.28e-13	7.37e-10	6480	19557	19557	19557	3.69	1227	6.27	858	4.39
120	motif_db/EUKARYOTE/jolma2013.meme	HOXC10_DBD_1		VCMATWAAAH	8.11e-17	4.29e-13	9.65e-10	5292	19557	19557	19557	1.08	2920	14.93	2362	12.08
121	motif_db/EUKARYOTE/jolma2013.meme	FOXO6_DBD_2		GTAAACA	1.67e-16	4.32e-13	9.71e-10	2584	19557	19557	19557	1.18	1433	7.33	1040	5.32
122	motif_db/JASPAR/JASPAR2026_CORE_vertebrates_non-redundant.meme	MA1495.2	HOXA1	TAATTA	5.31e-17	4.56e-13	1.03e-9	8584	19557	19557	19557	7.54	609	3.11	355	1.82
123	motif_db/JASPAR/JASPAR2026_CORE_vertebrates_non-redundant.meme	MA0048.3	NHLH1	CGCAGCTGC	1.51e-16	4.78e-13	1.08e-9	3160	19557	19557	19557	1.72	1555	7.95	1145	5.85
124	motif_db/JASPAR/JASPAR2026_CORE_vertebrates_non-redundant.meme	MA0628.2	POU6F1	TAATTA	1.63e-16	5.00e-13	1.12e-9	3065	19557	19557	19557	2.99	773	3.95	488	2.50
125	motif_db/JASPAR/JASPAR2026_CORE_vertebrates_non-redundant.meme	MA0474.4	Erg	ACAGGAAGTG	2.01e-16	8.31e-13	1.87e-9	4134	19557	19557	19557	1.33	2147	10.98	1669	8.53
126	motif_db/EUKARYOTE/jolma2013.meme	Meox2_DBD		NTAATKAN	1.46e-16	9.08e-13	2.04e-9	6235	19557	19557	19557	4.4	908	4.64	597	3.05
127	motif_db/JASPAR/JASPAR2026_CORE_vertebrates_non-redundant.meme	MA1975.2	ZNF214	TCATCAABGTCCT	3.91e-16	1.03e-12	2.31e-9	2626	19557	19557	19557	1.46	1401	7.16	1017	5.20
128	motif_db/EUKARYOTE/jolma2013.meme	HOXA13_full_1		CYAATAAAAM	3.50e-16	1.09e-12	2.45e-9	3108	19557	19557	19557	1.13	1753	8.96	1323	6.76
129	motif_db/EUKARYOTE/jolma2013.meme	NKX6-1_DBD		NTMATTAA	2.78e-16	1.10e-12	2.47e-9	3956	19557	19557	19557	2.44	1543	7.89	1138	5.82
130	motif_db/EUKARYOTE/jolma2013.meme	NKX6-2_full		NYMATTAA	1.83e-16	1.30e-12	2.92e-9	7074	19557	19557	19557	1.36	3094	15.82	2528	12.93
131	motif_db/EUKARYOTE/jolma2013.meme	HOXC11_full_2		RGYMATAAAAH	2.83e-16	1.49e-12	3.35e-9	5273	19557	19557	19557	1.16	2788	14.26	2251	11.51
132	motif_db/JASPAR/JASPAR2026_CORE_vertebrates_non-redundant.meme	MA2332.1	ZNF175	ACAGGAAGT	3.72e-16	1.96e-12	4.40e-9	5260	19557	19557	19557	1.31	2631	13.45	2110	10.79
133	motif_db/JASPAR/JASPAR2026_CORE_vertebrates_non-redundant.meme	MA0849.1	FOXO6	GTAAACA	8.13e-16	2.06e-12	4.64e-9	2540	19557	19557	19557	1.08	1460	7.47	1072	5.48
134	motif_db/JASPAR/JASPAR2026_CORE_vertebrates_non-redundant.meme	MA0902.3	HOXB2	YAATTA	2.92e-16	2.08e-12	4.68e-9	7113	19557	19557	19557	5.31	1198	6.13	842	4.31
135	motif_db/EUKARYOTE/jolma2013.meme	FIGLA_DBD		WMCACCTGKW	4.79e-16	2.44e-12	5.48e-9	5092	19557	19557	19557	1.09	2812	14.38	2277	11.64
136	motif_db/JASPAR/JASPAR2026_CORE_vertebrates_non-redundant.meme	MA1713.2	ZNF610	SCGCCGCTCC	1.74e-15	2.60e-12	5.85e-9	1491	19557	19557	19557	2.32	639	3.27	390	1.99
137	motif_db/JASPAR/JASPAR2026_CORE_vertebrates_non-redundant.meme	MA0674.2	NKX6-1	TMATTAA	6.53e-16	2.86e-12	6.43e-9	4378	19557	19557	19557	2.32	1496	7.65	1102	5.63
138	motif_db/JASPAR/JASPAR2026_CORE_vertebrates_non-redundant.meme	MA0152.3	Nfatc2	AATGGAAA	7.36e-16	3.61e-12	8.11e-9	4905	19557	19557	19557	1.59	2145	10.97	1676	8.57
139	motif_db/JASPAR/JASPAR2026_CORE_vertebrates_non-redundant.meme	MA0820.2	FIGLA	CACCTG	8.27e-16	4.26e-12	9.57e-9	5151	19557	19557	19557	1.23	2554	13.06	2046	10.46
140	motif_db/JASPAR/JASPAR2026_CORE_vertebrates_non-redundant.meme	MA0793.2	POU6F2	ASCTMATTA	2.50e-15	6.49e-12	1.46e-8	2592	19557	19557	19557	2.22	967	4.94	658	3.36
141	motif_db/JASPAR/JASPAR2026_CORE_vertebrates_non-redundant.meme	MA0047.4	FOXA2	WGTAAACA	3.09e-15	1.19e-11	2.68e-8	3861	19557	19557	19557	1.17	2038	10.42	1590	8.13
142	motif_db/EUKARYOTE/jolma2013.meme	Foxj3_DBD_3		RTAAACAA	2.59e-15	1.34e-11	3.00e-8	5154	19557	19557	19557	1.22	2595	13.27	2092	10.70
143	motif_db/EUKARYOTE/jolma2013.meme	MEOX2_DBD_3		STMATCATCATTAW	1.68e-14	1.40e-11	3.15e-8	836	19557	19557	19557	2.19	439	2.24	243	1.24
144	motif_db/JASPAR/JASPAR2026_CORE_vertebrates_non-redundant.meme	MA0132.3	PDX1	YAATTA	4.05e-15	1.59e-11	3.57e-8	3924	19557	19557	19557	5.5	1042	5.33	723	3.70
145	motif_db/MOUSE/uniprobe_mouse.meme	UP00094_2	Zfp128_secondary	NGTATAYDTATAMN	4.24e-15	1.93e-11	4.35e-8	4564	19557	19557	19557	1.13	2503	12.80	2012	10.29
146	motif_db/JASPAR/JASPAR2026_CORE_vertebrates_non-redundant.meme	MA0091.2	TAL1::TCF3	AMCATCTGKT	1.08e-14	2.07e-11	4.66e-8	1929	19557	19557	19557	1.21	1105	5.65	781	3.99
147	motif_db/JASPAR/JASPAR2026_CORE_vertebrates_non-redundant.meme	MA0635.2	BARHL2	TAAAYG	4.22e-15	2.10e-11	4.73e-8	4984	19557	19557	19557	2.64	1127	5.76	795	4.07
148	motif_db/JASPAR/JASPAR2026_CORE_vertebrates_non-redundant.meme	MA1467.3	Atoh1	CAGATGG	4.45e-15	2.25e-11	5.06e-8	5059	19557	19557	19557	1.48	2251	11.51	1784	9.12
149	motif_db/JASPAR/JASPAR2026_CORE_vertebrates_non-redundant.meme	MA1549.2	POU6F1	TAATGAG	4.57e-15	2.29e-11	5.15e-8	5005	19557	19557	19557	1.6	2162	11.05	1704	8.71
150	motif_db/JASPAR/JASPAR2026_CORE_vertebrates_non-redundant.meme	MA2098.1	ZNF766	AAKAAACCT	1.17e-14	2.50e-11	5.61e-8	2141	19557	19557	19557	6.68	459	2.35	257	1.31
151	motif_db/EUKARYOTE/jolma2013.meme	Hoxa11_DBD_2		RSYMATWAAAN	5.62e-15	3.00e-11	6.74e-8	5339	19557	19557	19557	1.45	2406	12.30	1926	9.85
152	motif_db/JASPAR/JASPAR2026_CORE_vertebrates_non-redundant.meme	MA0892.2	GSX1	YMATTA	4.98e-15	3.36e-11	7.55e-8	6750	19557	19557	19557	3.66	920	4.70	622	3.18
153	motif_db/JASPAR/JASPAR2026_CORE_vertebrates_non-redundant.meme	MA1127.1	FOSB::JUN	GATGACGTCAT	1.95e-14	3.99e-11	8.97e-8	2047	19557	19557	19557	1.75	939	4.80	644	3.29
154	motif_db/JASPAR/JASPAR2026_CORE_vertebrates_non-redundant.meme	MA0593.2	FOXP2	WGTAAACAV	2.82e-14	4.02e-11	9.03e-8	1422	19557	19557	19557	1.12	848	4.34	570	2.91
155	motif_db/JASPAR/JASPAR2026_CORE_vertebrates_non-redundant.meme	MA1525.3	NFATC4	AYGGAAAMW	1.49e-14	4.09e-11	9.19e-8	2738	19557	19557	19557	3.93	962	4.92	662	3.38
156	motif_db/JASPAR/JASPAR2026_CORE_vertebrates_non-redundant.meme	MA1580.1	ZBTB32	TGTACAGTAW	1.02e-13	5.75e-11	1.29e-7	562	19557	19557	19557	1.42	343	1.75	177	0.91
157	motif_db/JASPAR/JASPAR2026_CORE_vertebrates_non-redundant.meme	MA1952.2	FOXJ2::ELF1	AAACMGGAAGT	1.74e-14	6.10e-11	1.37e-7	3504	19557	19557	19557	2.17	1349	6.90	993	5.08
158	motif_db/EUKARYOTE/jolma2013.meme	HOXC11_DBD_2		DGYMATAAAAH	1.10e-14	6.32e-11	1.42e-7	5752	19557	19557	19557	1.37	2680	13.70	2181	11.15
159	motif_db/EUKARYOTE/jolma2013.meme	Hoxd9_DBD_3		VTCGTAAAA	1.61e-14	7.14e-11	1.60e-7	4432	19557	19557	19557	1.1	2406	12.30	1934	9.89
160	motif_db/EUKARYOTE/jolma2013.meme	HOXD13_DBD_1		CYMATAAAAH	3.07e-14	7.47e-11	1.68e-7	2434	19557	19557	19557	1.12	1389	7.10	1031	5.27
161	motif_db/JASPAR/JASPAR2026_CORE_vertebrates_non-redundant.meme	MA0031.2	FOXD1	GTAAACA	3.03e-14	7.74e-11	1.74e-7	2558	19557	19557	19557	1.1	1459	7.46	1092	5.58
162	motif_db/JASPAR/JASPAR2026_CORE_vertebrates_non-redundant.meme	MA1708.2	ETV7	SCGGAAGTR	2.50e-14	1.04e-10	2.34e-7	4164	19557	19557	19557	1.11	2301	11.77	1842	9.42
163	motif_db/JASPAR/JASPAR2026_CORE_vertebrates_non-redundant.meme	MA1935.2	ERF::FOXI1	AAACMGGAAR	2.21e-14	1.28e-10	2.88e-7	5801	19557	19557	19557	1.1	3163	16.17	2632	13.46
164	motif_db/JASPAR/JASPAR2026_CORE_vertebrates_non-redundant.meme	MA2119.1	HOXA3	STAATTA	2.62e-14	1.28e-10	2.89e-7	4905	19557	19557	19557	8.16	618	3.16	383	1.96
165	motif_db/JASPAR/JASPAR2026_CORE_vertebrates_non-redundant.meme	MA2519.1	ZNF606	CCTCGGTYTCCTCA	3.22e-13	1.38e-10	3.11e-7	429	19557	19557	19557	1.82	276	1.41	132	0.67
166	motif_db/EUKARYOTE/jolma2013.meme	HOXA10_DBD_1		NRTCRTAAAANN	6.50e-14	1.44e-10	3.25e-7	2223	19557	19557	19557	1.13	1270	6.49	932	4.77
167	motif_db/EUKARYOTE/jolma2013.meme	Hoxd9_DBD_1		SCCATWAAA	2.83e-14	2.02e-10	4.53e-7	7131	19557	19557	19557	2.46	1814	9.28	1405	7.18
168	motif_db/JASPAR/JASPAR2026_CORE_vertebrates_non-redundant.meme	MA0108.3	TBP	TATAAAW	4.86e-14	2.05e-10	4.62e-7	4225	19557	19557	19557	1.09	2280	11.66	1828	9.35
169	motif_db/JASPAR/JASPAR2026_CORE_vertebrates_non-redundant.meme	MA1496.2	HOXA4	RTMATTA	3.67e-14	2.48e-10	5.58e-7	6759	19557	19557	19557	6.13	669	3.42	425	2.17
170	motif_db/EUKARYOTE/jolma2013.meme	NKX6-1_full		NTMATTAA	6.11e-14	2.62e-10	5.89e-7	4293	19557	19557	19557	1.97	1602	8.19	1222	6.25
171	motif_db/EUKARYOTE/jolma2013.meme	FOXJ3_DBD_1		RTAAACAA	3.72e-14	2.78e-10	6.25e-7	7469	19557	19557	19557	1.07	4022	20.57	3440	17.59
172	motif_db/JASPAR/JASPAR2026_CORE_vertebrates_non-redundant.meme	MA2532.1	ZNF780B	CTGCTGAAAC	2.83e-13	3.02e-10	6.80e-7	1068	19557	19557	19557	1.48	607	3.10	383	1.96
173	motif_db/JASPAR/JASPAR2026_CORE_vertebrates_non-redundant.meme	MA0877.4	BARHL1	CGTTTA	1.29e-13	3.04e-10	6.83e-7	2360	19557	19557	19557	1.17	1254	6.41	922	4.71
174	motif_db/JASPAR/JASPAR2026_CORE_vertebrates_non-redundant.meme	MA0905.2	HOXC10	GTCRTAAAA	1.36e-13	3.05e-10	6.85e-7	2233	19557	19557	19557	1.1	1279	6.54	944	4.83
175	motif_db/JASPAR/JASPAR2026_CORE_vertebrates_non-redundant.meme	MA0062.4	GABPA	CACTTCCTGT	7.60e-14	3.59e-10	8.08e-7	4725	19557	19557	19557	1.17	2581	13.20	2106	10.77
176	motif_db/JASPAR/JASPAR2026_CORE_vertebrates_non-redundant.meme	MA2568.1	ZNF568	MAAGAACAGC	3.71e-13	3.62e-10	8.14e-7	975	19557	19557	19557	1.43	553	2.83	341	1.74
177	motif_db/JASPAR/JASPAR2026_CORE_vertebrates_non-redundant.meme	MA0706.2	MEOX2	STAATTA	4.93e-14	3.91e-10	8.78e-7	7920	19557	19557	19557	4.55	839	4.29	565	2.89
178	motif_db/JASPAR/JASPAR2026_CORE_vertebrates_non-redundant.meme	MA0886.2	EMX2	TAATTA	1.22e-13	4.04e-10	9.08e-7	3313	19557	19557	19557	4.59	881	4.50	604	3.09
179	motif_db/JASPAR/JASPAR2026_CORE_vertebrates_non-redundant.meme	MA0473.4	ELF1	CAGGAAGTG	1.13e-13	4.49e-10	1.01e-6	3971	19557	19557	19557	1.32	1992	10.19	1574	8.05
180	motif_db/JASPAR/JASPAR2026_CORE_vertebrates_non-redundant.meme	MA1497.2	HOXA6	GYMATTA	7.19e-14	4.57e-10	1.03e-6	6361	19557	19557	19557	2.71	1252	6.40	917	4.69
181	motif_db/JASPAR/JASPAR2026_CORE_vertebrates_non-redundant.meme	MA1951.2	FOS	GATGACGTCATCR	8.79e-13	5.37e-10	1.21e-6	611	19557	19557	19557	3.4	277	1.42	135	0.69
182	motif_db/EUKARYOTE/jolma2013.meme	FOXJ2_DBD_3		GTAAACAWAAACA	3.77e-13	5.57e-10	1.25e-6	1477	19557	19557	19557	1.46	852	4.36	585	2.99
183	motif_db/JASPAR/JASPAR2026_CORE_vertebrates_non-redundant.meme	MA1972.1	ZFP14	GGAGGCHCHGGARBG	2.83e-13	5.66e-10	1.27e-6	1999	19557	19557	19557	1.43	1147	5.86	834	4.26
184	motif_db/EUKARYOTE/jolma2013.meme	Hoxc10_DBD_2		GYAATAAAAA	1.64e-13	5.91e-10	1.33e-6	3603	19557	19557	19557	1.14	1979	10.12	1565	8.00
185	motif_db/JASPAR/JASPAR2026_CORE_vertebrates_non-redundant.meme	MA0640.3	ELF3	CACTTCCTG	1.18e-13	6.02e-10	1.35e-6	5119	19557	19557	19557	1.65	2234	11.42	1793	9.17
186	motif_db/JASPAR/JASPAR2026_CORE_vertebrates_non-redundant.meme	MA0888.2	EVX2	TAATTA	1.12e-13	6.30e-10	1.42e-6	5621	19557	19557	19557	5	831	4.25	562	2.87
187	motif_db/MOUSE/uniprobe_mouse.meme	UP00038_1	Spdef_primary	VHRCATCCGGATHYTY	3.62e-13	7.19e-10	1.62e-6	1988	19557	19557	19557	1.92	863	4.41	594	3.04
188	motif_db/EUKARYOTE/jolma2013.meme	YY2_full_2		CCATGCCGCCAT	6.91e-13	7.40e-10	1.66e-6	1071	19557	19557	19557	1.49	609	3.11	388	1.98
189	motif_db/EUKARYOTE/jolma2013.meme	TCF4_full		HRCACCTGBN	6.50e-14	8.82e-10	1.98e-6	13573	19557	19557	19557	1.1	6889	35.23	6197	31.69
190	motif_db/JASPAR/JASPAR2026_CORE_vertebrates_non-redundant.meme	MA0614.1	Foxj2	RTAAACAA	2.55e-13	8.84e-10	1.99e-6	3470	19557	19557	19557	1.08	1931	9.87	1525	7.80
191	motif_db/JASPAR/JASPAR2026_CORE_vertebrates_non-redundant.meme	MA0763.2	ETV3	ACCGGAAGT	3.45e-13	9.00e-10	2.02e-6	2611	19557	19557	19557	1.12	1483	7.58	1128	5.77
192	motif_db/EUKARYOTE/jolma2013.meme	NHLH1_full		CGCAGCTGCK	3.40e-13	9.75e-10	2.19e-6	2871	19557	19557	19557	1.98	1281	6.55	951	4.86
193	motif_db/EUKARYOTE/jolma2013.meme	MEOX2_DBD_1		DSTAATTAWN	1.41e-13	1.11e-9	2.50e-6	7885	19557	19557	19557	6.35	551	2.82	336	1.72
194	motif_db/JASPAR/JASPAR2026_CORE_vertebrates_non-redundant.meme	MA0032.2	FOXC1	WAWGTAAAYAW	3.30e-13	1.12e-9	2.53e-6	3404	19557	19557	19557	1.13	1900	9.72	1499	7.66
195	motif_db/JASPAR/JASPAR2026_CORE_vertebrates_non-redundant.meme	MA0913.3	HOXD9	GYMATAAAA	5.38e-13	1.14e-9	2.56e-6	2118	19557	19557	19557	1.12	1210	6.19	892	4.56
196	motif_db/JASPAR/JASPAR2026_CORE_vertebrates_non-redundant.meme	MA0598.4	EHF	CACTTCCTG	2.51e-13	1.19e-9	2.68e-6	4746	19557	19557	19557	1.34	2344	11.99	1899	9.71
197	motif_db/EUKARYOTE/jolma2013.meme	HOXC10_DBD_3		GTCRTAAAAH	5.63e-13	1.27e-9	2.85e-6	2254	19557	19557	19557	1.31	1160	5.93	849	4.34
198	motif_db/JASPAR/JASPAR2026_CORE_vertebrates_non-redundant.meme	MA1968.2	TFCP2	AAACCGGTT	5.85e-13	1.31e-9	2.95e-6	2245	19557	19557	19557	2.96	701	3.58	462	2.36
199	motif_db/JASPAR/JASPAR2026_CORE_vertebrates_non-redundant.meme	MA0594.3	HOXA9	RTCGTWA	3.58e-13	1.43e-9	3.22e-6	4005	19557	19557	19557	1.05	2208	11.29	1778	9.09
200	motif_db/JASPAR/JASPAR2026_CORE_vertebrates_non-redundant.meme	MA1629.2	Zic2	CACAGCAGG	3.58e-13	1.46e-9	3.28e-6	4075	19557	19557	19557	1.19	2197	11.23	1768	9.04
201	motif_db/EUKARYOTE/jolma2013.meme	FOXC1_DBD_3		WAWGTAAAYAW	4.58e-13	1.62e-9	3.65e-6	3542	19557	19557	19557	1.13	1964	10.04	1559	7.97
202	motif_db/EUKARYOTE/jolma2013.meme	FOXB1_DBD_3		WATGTAAATAT	6.22e-13	1.84e-9	4.13e-6	2949	19557	19557	19557	1.19	1630	8.33	1262	6.45
203	motif_db/EUKARYOTE/jolma2013.meme	HOXC13_DBD_1		CYAATAAAAH	7.32e-13	2.00e-9	4.50e-6	2734	19557	19557	19557	1.15	1533	7.84	1177	6.02
204	motif_db/EUKARYOTE/jolma2013.meme	HOXB13_DBD_1		CCAATAAAAH	8.50e-13	2.16e-9	4.85e-6	2541	19557	19557	19557	1.39	1292	6.61	966	4.94
205	motif_db/JASPAR/JASPAR2026_CORE_vertebrates_non-redundant.meme	MA2686.1	ZEB2	CAGGTG	3.05e-13	2.32e-9	5.21e-6	7581	19557	19557	19557	3.21	2015	10.30	1602	8.19
206	motif_db/EUKARYOTE/jolma2013.meme	TFAP4_full		AWCAGCTGWT	1.45e-12	2.73e-9	6.14e-6	1885	19557	19557	19557	1.16	1082	5.53	787	4.02
207	motif_db/JASPAR/JASPAR2026_CORE_vertebrates_non-redundant.meme	MA0845.1	FOXB1	WATGTAAATAT	9.78e-13	2.80e-9	6.29e-6	2862	19557	19557	19557	1.4	1446	7.39	1102	5.63
208	motif_db/JASPAR/JASPAR2026_CORE_vertebrates_non-redundant.meme	MA0114.5	HNF4A	CAAAGTCCA	6.98e-13	2.86e-9	6.42e-6	4093	19557	19557	19557	2.15	1395	7.13	1055	5.39
209	motif_db/EUKARYOTE/jolma2013.meme	HOXB2_DBD		NNTMATTANN	4.88e-13	3.07e-9	6.89e-6	6279	19557	19557	19557	5.05	686	3.51	449	2.30
210	motif_db/EUKARYOTE/jolma2013.meme	HOXD11_DBD_2		RRYMATAAAA	4.82e-13	3.32e-9	7.46e-6	6882	19557	19557	19557	1.07	3708	18.96	3170	16.21
211	motif_db/EUKARYOTE/jolma2013.meme	Hoxc10_DBD_1		GTCRTAAAAW	2.47e-12	5.00e-9	1.12e-5	2023	19557	19557	19557	1.11	1163	5.95	860	4.40
212	motif_db/EUKARYOTE/jolma2013.meme	Hoxd13_DBD_2		NCTCRTAAAAH	2.07e-12	5.19e-9	1.17e-5	2515	19557	19557	19557	2.34	884	4.52	620	3.17
213	motif_db/EUKARYOTE/jolma2013.meme	Foxj3_DBD_4		GTAAACAWAAACA	5.04e-12	5.31e-9	1.19e-5	1054	19557	19557	19557	1.44	635	3.25	417	2.13
214	motif_db/JASPAR/JASPAR2026_CORE_vertebrates_non-redundant.meme	MA0484.3	HNF4G	CAAAGTCCA	1.92e-12	7.36e-9	1.66e-5	3841	19557	19557	19557	1.93	1466	7.50	1124	5.75
215	motif_db/JASPAR/JASPAR2026_CORE_vertebrates_non-redundant.meme	MA0151.1	Arid3a	ATYAAA	1.47e-12	7.92e-9	1.78e-5	5380	19557	19557	19557	4.27	1839	9.40	1455	7.44
216	motif_db/JASPAR/JASPAR2026_CORE_vertebrates_non-redundant.meme	MA0509.3	RFX1	SGTTGCCATGGCAACS	2.30e-10	8.05e-9	1.81e-5	35	19557	19557	19557	2.94	32	0.16	0	0.00
217	motif_db/JASPAR/JASPAR2026_CORE_vertebrates_non-redundant.meme	MA2542.1	SCAND3	CTGGCCAA	3.19e-12	8.73e-9	1.96e-5	2738	19557	19557	19557	2.5	898	4.59	634	3.24
218	motif_db/EUKARYOTE/jolma2013.meme	FOXB1_full		TGTAAAYAW	2.60e-12	9.32e-9	2.10e-5	3586	19557	19557	19557	1.74	1501	7.68	1157	5.92
219	motif_db/JASPAR/JASPAR2026_CORE_vertebrates_non-redundant.meme	MA0661.2	MEOX1	STAATTA	2.24e-12	1.05e-8	2.35e-5	4672	19557	19557	19557	4.96	757	3.87	514	2.63
220	motif_db/JASPAR/JASPAR2026_CORE_vertebrates_non-redundant.meme	MA0878.3	CDX1	GGYMATAAAA	8.60e-12	1.09e-8	2.45e-5	1266	19557	19557	19557	1.23	722	3.69	491	2.51
221	motif_db/JASPAR/JASPAR2026_CORE_vertebrates_non-redundant.meme	MA1502.2	HOXB8	GYMATTA	2.54e-12	1.33e-8	2.99e-5	5240	19557	19557	19557	6.52	708	3.62	474	2.42
222	motif_db/MOUSE/uniprobe_mouse.meme	UP00028_2	Tcfap2e_secondary	HRCNNRAAAAAAWR	1.42e-12	1.43e-8	3.21e-5	10032	19557	19557	19557	1.09	5315	27.18	4711	24.09
223	motif_db/JASPAR/JASPAR2026_CORE_vertebrates_non-redundant.meme	MA1498.3	HOXA7	YMATTA	2.16e-12	1.49e-8	3.35e-5	6904	19557	19557	19557	3.21	1379	7.05	1048	5.36
224	motif_db/EUKARYOTE/jolma2013.meme	HOXC11_DBD_1		DGTCGTWAAAH	7.28e-12	1.65e-8	3.71e-5	2265	19557	19557	19557	1.12	1285	6.57	973	4.98
225	motif_db/JASPAR/JASPAR2026_CORE_vertebrates_non-redundant.meme	MA0465.3	CDX2	GCAATAAA	5.35e-12	1.73e-8	3.89e-5	3232	19557	19557	19557	1.09	1794	9.17	1424	7.28
226	motif_db/JASPAR/JASPAR2026_CORE_vertebrates_non-redundant.meme	MA1649.2	ZBTB12	CTRGAAC	3.24e-12	1.87e-8	4.19e-5	5761	19557	19557	19557	1.69	1827	9.34	1450	7.41
227	motif_db/EUKARYOTE/jolma2013.meme	POU6F2_full		GCTAATTAVH	1.50e-11	1.95e-8	4.38e-5	1299	19557	19557	19557	1.83	573	2.93	371	1.90
228	motif_db/EUKARYOTE/jolma2013.meme	HOXD12_DBD_3		RGTCGTAAAAH	1.16e-11	2.07e-8	4.65e-5	1778	19557	19557	19557	1.57	836	4.27	588	3.01
229	motif_db/JASPAR/JASPAR2026_CORE_vertebrates_non-redundant.meme	MA0846.2	FOXC2	WAWGTAAACAW	5.97e-12	2.41e-8	5.42e-5	4045	19557	19557	19557	1.21	2157	11.03	1754	8.97
230	motif_db/EUKARYOTE/jolma2013.meme	FOXJ3_DBD_3		GTAAACATAAACA	2.87e-11	2.72e-8	6.12e-5	947	19557	19557	19557	1.47	571	2.92	372	1.90
231	motif_db/MOUSE/uniprobe_mouse.meme	UP00103_1	Jundm2_primary	NSGATGACGTCAYCRH	2.93e-11	2.93e-8	6.59e-5	1000	19557	19557	19557	2.71	446	2.28	272	1.39
232	motif_db/MOUSE/uniprobe_mouse.meme	UP00250_1	Irx5_2385.1	WWNNWACATGTWNDANW	1.39e-11	3.23e-8	7.25e-5	2321	19557	19557	19557	1.27	1294	6.62	985	5.04
233	motif_db/JASPAR/JASPAR2026_CORE_vertebrates_non-redundant.meme	MA0612.3	EMX1	TAATTA	1.24e-11	3.98e-8	8.96e-5	3213	19557	19557	19557	5.92	720	3.68	491	2.51
234	motif_db/JASPAR/JASPAR2026_CORE_vertebrates_non-redundant.meme	MA0076.3	ELK4	CRCTTCCGG	2.13e-11	4.00e-8	8.99e-5	1873	19557	19557	19557	1.12	1076	5.50	797	4.08
235	motif_db/EUKARYOTE/jolma2013.meme	HOXA2_DBD		NSTMATTAVS	7.09e-12	4.14e-8	9.30e-5	5842	19557	19557	19557	4.83	711	3.64	481	2.46
236	motif_db/EUKARYOTE/jolma2013.meme	EMX1_DBD_1		NBTAATTAVS	7.97e-12	4.36e-8	9.80e-5	5471	19557	19557	19557	3.94	909	4.65	648	3.31
237	motif_db/EUKARYOTE/jolma2013.meme	Nkx6-1_DBD		NYMATTAA	6.51e-12	5.45e-8	1.23e-4	8381	19557	19557	19557	3.97	1070	5.47	785	4.01
238	motif_db/JASPAR/JASPAR2026_CORE_vertebrates_non-redundant.meme	MA1941.2	ETV2::FIGLA	SCGGAARCAGSTG	4.50e-11	6.43e-8	1.45e-4	1430	19557	19557	19557	1.48	802	4.10	566	2.89
239	motif_db/JASPAR/JASPAR2026_CORE_vertebrates_non-redundant.meme	MA2689.1	ZNF470	TYYTCTTCTGTTTVCT	3.92e-11	7.72e-8	1.74e-4	1973	19557	19557	19557	1.68	1088	5.56	811	4.15
240	motif_db/EUKARYOTE/jolma2013.meme	Hoxa2_DBD		NSTAATTANH	1.56e-11	7.86e-8	1.77e-4	5056	19557	19557	19557	4.23	852	4.36	603	3.08
241	motif_db/JASPAR/JASPAR2026_CORE_vertebrates_non-redundant.meme	MA1500.2	HOXB6	TAATKRC	1.23e-11	7.96e-8	1.79e-4	6478	19557	19557	19557	5.75	617	3.15	406	2.08
242	motif_db/JASPAR/JASPAR2026_CORE_vertebrates_non-redundant.meme	MA2594.1	DMTF1	SACATCCGGGT	4.26e-11	8.23e-8	1.85e-4	1934	19557	19557	19557	1.73	894	4.57	644	3.29
243	motif_db/JASPAR/JASPAR2026_CORE_vertebrates_non-redundant.meme	MA0887.2	EVX1	TAATTA	1.49e-11	8.95e-8	2.01e-4	5999	19557	19557	19557	9	291	1.49	152	0.78
244	motif_db/JASPAR/JASPAR2026_CORE_vertebrates_non-redundant.meme	MA2123.1	Hand1	TCCAGACCT	1.71e-11	9.43e-8	2.12e-4	5519	19557	19557	19557	1.11	2987	15.27	2530	12.94
245	motif_db/EUKARYOTE/jolma2013.meme	FOXJ2_DBD_2		RTAAACAA	1.77e-11	1.04e-7	2.33e-4	5855	19557	19557	19557	1.85	2216	11.33	1817	9.29
246	motif_db/JASPAR/JASPAR2026_CORE_vertebrates_non-redundant.meme	MA2680.1	IRX5	CWTGTW	1.09e-11	1.09e-7	2.46e-4	10000	19557	19557	19557	6.9	860	4.40	608	3.11
247	motif_db/EUKARYOTE/jolma2013.meme	FOXC2_DBD_3		WAWGTAAACAWW	2.81e-11	1.12e-7	2.51e-4	3972	19557	19557	19557	1.22	2109	10.78	1723	8.81
248	motif_db/JASPAR/JASPAR2026_CORE_vertebrates_non-redundant.meme	MA1948.2	ETV5::HOXA2	CGGAWGTMATTA	8.63e-11	1.14e-7	2.56e-4	1318	19557	19557	19557	1.3	752	3.85	527	2.69
249	motif_db/EUKARYOTE/jolma2013.meme	Hoxd3_DBD		NNYAATTAVN	1.57e-11	1.16e-7	2.61e-4	7392	19557	19557	19557	4.4	662	3.38	444	2.27
250	motif_db/JASPAR/JASPAR2026_CORE_vertebrates_non-redundant.meme	MA1728.2	ZNF549	TGCTGCCC	2.38e-11	1.30e-7	2.92e-4	5448	19557	19557	19557	1.14	2887	14.76	2440	12.48
251	motif_db/MOUSE/uniprobe_mouse.meme	UP00150_1	Irx6_2623.2	HAWNTACATGTAMDWNT	8.20e-11	1.30e-7	2.93e-4	1589	19557	19557	19557	1.32	919	4.70	669	3.42
252	motif_db/EUKARYOTE/jolma2013.meme	Hoxa11_DBD_1		RGTCGTAAAANT	7.02e-11	1.32e-7	2.97e-4	1880	19557	19557	19557	1.44	920	4.70	669	3.42
253	motif_db/MOUSE/uniprobe_mouse.meme	UP00146_1	Pou6f1_1731.2	VHNSWTAATGAGSTKDN	1.15e-10	1.33e-7	3.00e-4	1165	19557	19557	19557	1.74	575	2.94	381	1.95
254	motif_db/EUKARYOTE/jolma2013.meme	BATF3_DBD		TGATGACGTCATCA	1.15e-9	1.36e-7	3.06e-4	119	19557	19557	19557	2.56	84	0.43	23	0.12
255	motif_db/JASPAR/JASPAR2026_CORE_vertebrates_non-redundant.meme	MA2554.1	ZNF471	TYTCCATCTCTTTT	6.94e-11	1.47e-7	3.31e-4	2121	19557	19557	19557	1.83	1068	5.46	797	4.08
256	motif_db/JASPAR/JASPAR2026_CORE_vertebrates_non-redundant.meme	MA0691.1	TFAP4	AWCAGCTGWT	1.13e-10	1.90e-7	4.26e-4	1678	19557	19557	19557	1.18	961	4.91	707	3.62
257	motif_db/MOUSE/uniprobe_mouse.meme	UP00063_1	Hoxa3_primary	NBGWGBTAATTARY	1.20e-10	1.94e-7	4.36e-4	1621	19557	19557	19557	1.96	693	3.54	479	2.45
258	motif_db/EUKARYOTE/jolma2013.meme	FOXD3_DBD_1		DRHWAATATTKACW	8.15e-11	2.05e-7	4.60e-4	2514	19557	19557	19557	1.55	1213	6.20	925	4.73
259	motif_db/JASPAR/JASPAR2026_CORE_vertebrates_non-redundant.meme	MA1966.2	TFAP4::ETV1	SCGGAAGCAGSTG	1.16e-10	2.17e-7	4.87e-4	1864	19557	19557	19557	1.33	1061	5.43	794	4.06
260	motif_db/EUKARYOTE/jolma2013.meme	SPIC_full		HAAAAGVGGAAGTA	9.79e-11	2.17e-7	4.88e-4	2218	19557	19557	19557	1.31	1240	6.34	950	4.86
261	motif_db/EUKARYOTE/jolma2013.meme	GSX1_DBD		NCYMATTAVN	3.68e-11	2.30e-7	5.17e-4	6256	19557	19557	19557	3.22	995	5.09	730	3.73
262	motif_db/EUKARYOTE/jolma2013.meme	Hoxd9_DBD_2		GYAATWAAAW	4.82e-11	2.41e-7	5.41e-4	4997	19557	19557	19557	2.56	1455	7.44	1136	5.81
263	motif_db/JASPAR/JASPAR2026_CORE_vertebrates_non-redundant.meme	MA0851.2	Foxj3	GTAAACAAA	1.08e-10	2.68e-7	6.03e-4	2487	19557	19557	19557	1.16	1369	7.00	1065	5.45
264	motif_db/MOUSE/uniprobe_mouse.meme	UP00118_1	Pou4f3_2791.1	HVTTATTAATKADKYC	2.43e-10	2.70e-7	6.07e-4	1110	19557	19557	19557	2.46	500	2.56	323	1.65
265	motif_db/EUKARYOTE/jolma2013.meme	Rfx3_DBD		SGTTGCCATGGYAACG	3.69e-9	2.73e-7	6.14e-4	74	19557	19557	19557	28.1	28	0.14	0	0.00
266	motif_db/EUKARYOTE/jolma2013.meme	RFX2_DBD_1		SGTTGCCATGGYAACS	2.01e-9	2.86e-7	6.42e-4	142	19557	19557	19557	55.7	33	0.17	1	0.01
267	motif_db/EUKARYOTE/jolma2013.meme	RUNX2_DBD_2		WRACCGCADWAACCGCAD	5.69e-10	2.94e-7	6.61e-4	517	19557	19557	19557	2.54	283	1.45	156	0.80
268	motif_db/EUKARYOTE/jolma2013.meme	HOXD12_DBD_1		GTAATAAAA	1.02e-10	3.88e-7	8.71e-4	3788	19557	19557	19557	1.23	1934	9.89	1574	8.05
269	motif_db/JASPAR/JASPAR2026_CORE_vertebrates_non-redundant.meme	MA0910.3	HOXD8	GYMATTA	7.32e-11	3.91e-7	8.78e-4	5335	19557	19557	19557	1.06	2873	14.69	2438	12.47
270	motif_db/JASPAR/JASPAR2026_CORE_vertebrates_non-redundant.meme	MA1944.2	ETV5::DRGX	MGGAAGYAATTA	2.48e-10	4.57e-7	1.03e-3	1841	19557	19557	19557	2.01	767	3.92	545	2.79
271	motif_db/EUKARYOTE/jolma2013.meme	ETV6_full_1		CCGGAASCGGAAGTR	2.09e-9	4.76e-7	1.07e-3	228	19557	19557	19557	1.82	157	0.80	69	0.35
272	motif_db/EUKARYOTE/jolma2013.meme	Foxc1_DBD_1		GTAAAYAAACA	4.02e-10	4.92e-7	1.11e-3	1225	19557	19557	19557	1.32	692	3.54	484	2.47
273	motif_db/EUKARYOTE/jolma2013.meme	FOXL1_full_2		WRTAAAYAAACAW	1.66e-10	4.95e-7	1.11e-3	2987	19557	19557	19557	1.36	1570	8.03	1248	6.38
274	motif_db/EUKARYOTE/jolma2013.meme	MEOX1_full		VSTAATTAHC	1.33e-10	5.59e-7	1.26e-3	4216	19557	19557	19557	8.8	396	2.02	238	1.22
275	motif_db/JASPAR/JASPAR2026_CORE_vertebrates_non-redundant.meme	MA0893.3	GSX2	SYMATTA	1.06e-10	5.90e-7	1.33e-3	5581	19557	19557	19557	10.8	353	1.80	204	1.04
276	motif_db/JASPAR/JASPAR2026_CORE_vertebrates_non-redundant.meme	MA2326.1	IKZF2	AGGAAG	2.77e-10	6.19e-7	1.39e-3	2236	19557	19557	19557	14.2	1016	5.20	760	3.89
277	motif_db/JASPAR/JASPAR2026_CORE_vertebrates_non-redundant.meme	MA0704.2	Lhx4	TAATTA	1.09e-10	6.29e-7	1.41e-3	5752	19557	19557	19557	9.72	312	1.60	173	0.88
278	motif_db/JASPAR/JASPAR2026_CORE_vertebrates_non-redundant.meme	MA2592.1	MKX	CATGTT	3.36e-10	6.71e-7	1.51e-3	1995	19557	19557	19557	11.4	1049	5.36	790	4.04
279	motif_db/JASPAR/JASPAR2026_CORE_vertebrates_non-redundant.meme	MA0600.3	RFX2	GTTGCCATGGYAAC	5.05e-9	6.97e-7	1.57e-3	138	19557	19557	19557	68.6	35	0.18	2	0.01
280	motif_db/MOUSE/uniprobe_mouse.meme	UP00194_1	Irx4_2242.3	WNNNWACATGTWAWANW	2.71e-10	7.03e-7	1.58e-3	2591	19557	19557	19557	1.47	1309	6.69	1018	5.21
281	motif_db/EUKARYOTE/jolma2013.meme	TFAP4_DBD		AWCAGCTGAT	3.29e-10	7.37e-7	1.66e-3	2239	19557	19557	19557	1.84	1040	5.32	782	4.00
282	motif_db/JASPAR/JASPAR2026_CORE_vertebrates_non-redundant.meme	MA0798.3	RFX3	CGTTRCCATGGCAACS	1.47e-8	7.37e-7	1.66e-3	50	19557	19557	19557	12.2	30	0.15	1	0.01
283	motif_db/EUKARYOTE/jolma2013.meme	MEOX2_DBD_2		KTAATTACSSTAATTAV	9.59e-10	7.45e-7	1.67e-3	777	19557	19557	19557	1.6	471	2.41	305	1.56
284	motif_db/EUKARYOTE/jolma2013.meme	GSX2_DBD		NSYMATTARH	1.15e-10	7.67e-7	1.72e-3	6671	19557	19557	19557	3.15	1124	5.75	849	4.34
285	motif_db/EUKARYOTE/jolma2013.meme	TFCP2_full_1		AAACCGGTTY	3.76e-10	7.81e-7	1.76e-3	2078	19557	19557	19557	2.15	795	4.07	571	2.92
286	motif_db/MOUSE/uniprobe_mouse.meme	UP00242_1	Hoxc8_3429.2	NWDDRGTAATTAHYKT	4.20e-10	8.72e-7	1.96e-3	2078	19557	19557	19557	2.01	855	4.37	623	3.19
287	motif_db/EUKARYOTE/jolma2013.meme	VAX2_DBD		YTAATTAB	1.31e-10	8.96e-7	2.01e-3	6821	19557	19557	19557	4.78	772	3.95	546	2.79
288	motif_db/EUKARYOTE/jolma2013.meme	RFX4_DBD_1		NGTWRCCATGGYWACS	1.36e-9	9.09e-7	2.04e-3	666	19557	19557	19557	93.3	43	0.22	4	0.02
289	motif_db/JASPAR/JASPAR2026_CORE_vertebrates_non-redundant.meme	MA0703.3	LMX1B	TTAATTAA	1.80e-9	9.16e-7	2.06e-3	509	19557	19557	19557	1.54	314	1.61	183	0.94
290	motif_db/JASPAR/JASPAR2026_CORE_vertebrates_non-redundant.meme	MA0461.3	Atoh1	RMCATATG	2.48e-10	9.66e-7	2.17e-3	3898	19557	19557	19557	1.09	2118	10.83	1750	8.95
291	motif_db/MOUSE/uniprobe_mouse.meme	UP00020_1	Atf1_primary	DYKRTGACGTCAYMRN	9.86e-10	1.03e-6	2.32e-3	1045	19557	19557	19557	12.6	200	1.02	97	0.50
292	motif_db/JASPAR/JASPAR2026_CORE_vertebrates_non-redundant.meme	MA1937.2	ERF::HOXB13	CGGAARYNRTWAA	5.79e-10	1.11e-6	2.50e-3	1925	19557	19557	19557	1.19	1093	5.59	832	4.25
293	motif_db/EUKARYOTE/jolma2013.meme	EMX2_DBD_1		VBTAATTARB	4.27e-10	1.35e-6	3.03e-3	3157	19557	19557	19557	2.25	1110	5.68	845	4.32
294	motif_db/JASPAR/JASPAR2026_CORE_vertebrates_non-redundant.meme	MA0621.2	mix-a	TTAATTA	1.42e-9	1.55e-6	3.49e-3	1091	19557	19557	19557	3.31	369	1.89	225	1.15
295	motif_db/JASPAR/JASPAR2026_CORE_vertebrates_non-redundant.meme	MA2093.1	HOXB1	STAATTA	3.02e-10	1.78e-6	4.01e-3	5909	19557	19557	19557	8.95	414	2.12	255	1.30
296	motif_db/JASPAR/JASPAR2026_CORE_vertebrates_non-redundant.meme	MA0158.2	HOXA5	GYMATTAS	4.37e-10	1.85e-6	4.16e-3	4242	19557	19557	19557	17.8	257	1.31	136	0.70
297	motif_db/EUKARYOTE/jolma2013.meme	PDX1_DBD_2		VYAATTAR	5.38e-10	1.98e-6	4.46e-3	3690	19557	19557	19557	2.41	1489	7.61	1184	6.05
298	motif_db/JASPAR/JASPAR2026_CORE_vertebrates_non-redundant.meme	MA1942.2	ETV2::FOXI1	AAACAGGAAGY	6.38e-10	2.04e-6	4.58e-3	3192	19557	19557	19557	1.2	1734	8.87	1407	7.19
299	motif_db/EUKARYOTE/jolma2013.meme	VAX1_DBD		YTAATTAH	2.98e-10	2.11e-6	4.75e-3	7089	19557	19557	19557	5.27	646	3.30	444	2.27
300	motif_db/JASPAR/JASPAR2026_CORE_vertebrates_non-redundant.meme	MA0030.2	FOXF2	SGTAAACAA	3.15e-9	2.28e-6	5.12e-3	722	19557	19557	19557	1.21	433	2.21	279	1.43
301	motif_db/JASPAR/JASPAR2026_CORE_vertebrates_non-redundant.meme	MA1501.2	HOXB7	GTAATTA	6.67e-10	2.35e-6	5.29e-3	3524	19557	19557	19557	20.5	184	0.94	85	0.43
302	motif_db/JASPAR/JASPAR2026_CORE_vertebrates_non-redundant.meme	MA0911.2	Hoxa11	GTCGTAAAA	1.22e-9	2.40e-6	5.40e-3	1963	19557	19557	19557	1.43	915	4.68	681	3.48
303	motif_db/JASPAR/JASPAR2026_CORE_vertebrates_non-redundant.meme	MA0722.2	VAX1	YTAATTA	3.37e-10	2.41e-6	5.41e-3	7130	19557	19557	19557	5.78	596	3.05	403	2.06
304	motif_db/JASPAR/JASPAR2026_CORE_vertebrates_non-redundant.meme	MA1651.2	ZFP42	CAARATGGCTGCC	1.72e-9	2.74e-6	6.16e-3	1597	19557	19557	19557	1.64	840	4.30	618	3.16
305	motif_db/EUKARYOTE/jolma2013.meme	ETS1_full_1		ACCGGAARYV	1.11e-9	2.76e-6	6.20e-3	2484	19557	19557	19557	1.42	1190	6.08	922	4.71
306	motif_db/JASPAR/JASPAR2026_CORE_vertebrates_non-redundant.meme	MA0601.2	Arid3b	TATTAAT	7.06e-10	2.95e-6	6.63e-3	4179	19557	19557	19557	1.06	2266	11.59	1896	9.69
307	motif_db/EUKARYOTE/jolma2013.meme	FOXC1_DBD_2		DGTMAATATTKACW	2.30e-9	2.99e-6	6.71e-3	1298	19557	19557	19557	2.48	553	2.83	376	1.92
308	motif_db/EUKARYOTE/jolma2013.meme	ETV3_DBD		ACCGGAAGTR	1.30e-9	3.21e-6	7.21e-3	2475	19557	19557	19557	1.16	1367	6.99	1081	5.53
309	motif_db/EUKARYOTE/jolma2013.meme	HOXC12_DBD_1		GYAATAAAA	9.84e-10	3.57e-6	8.03e-3	3628	19557	19557	19557	1.26	1820	9.31	1489	7.61
310	motif_db/JASPAR/JASPAR2026_CORE_vertebrates_non-redundant.meme	MA1473.2	CDX4	GYMATAAAA	4.12e-9	3.90e-6	8.76e-3	946	19557	19557	19557	1.18	551	2.82	377	1.93
311	motif_db/JASPAR/JASPAR2026_CORE_vertebrates_non-redundant.meme	MA0702.3	LMX1A	TTAATTA	3.80e-9	4.03e-6	9.05e-3	1059	19557	19557	19557	7.46	307	1.57	180	0.92
312	motif_db/JASPAR/JASPAR2026_CORE_vertebrates_non-redundant.meme	MA1620.2	Ptf1A	ACACCTGT	7.56e-10	4.04e-6	9.09e-3	5344	19557	19557	19557	1.62	2315	11.84	1942	9.93
313	motif_db/MOUSE/uniprobe_mouse.meme	UP00200_2	Nkx6-1_2825.2	VVTWATTAATTABBYC	3.05e-9	4.42e-6	9.93e-3	1449	19557	19557	19557	1.44	791	4.04	579	2.96
314	motif_db/JASPAR/JASPAR2026_CORE_vertebrates_non-redundant.meme	MA0698.2	ZBTB18	ATCCAGATGTK	3.24e-9	5.36e-6	1.21e-2	1654	19557	19557	19557	37.1	189	0.97	92	0.47
315	motif_db/MOUSE/uniprobe_mouse.meme	UP00236_1	Irx2_0900.3	WWDRTACATGTADNWBW	3.31e-9	5.41e-6	1.22e-2	1634	19557	19557	19557	1.41	884	4.52	660	3.37
316	motif_db/JASPAR/JASPAR2026_CORE_vertebrates_non-redundant.meme	MA1519.2	LHX5	STAATTA	2.95e-9	5.47e-6	1.23e-2	1857	19557	19557	19557	24.5	202	1.03	101	0.52
317	motif_db/JASPAR/JASPAR2026_CORE_vertebrates_non-redundant.meme	MA1483.3	ELF2	AMCCGGAAGT	4.54e-9	7.91e-6	1.78e-2	1742	19557	19557	19557	1.4	891	4.56	668	3.42
318	motif_db/EUKARYOTE/jolma2013.meme	JDP2_full_2		GATGACGTCAYC	1.94e-8	8.00e-6	1.80e-2	413	19557	19557	19557	2.31	216	1.10	116	0.59
319	motif_db/JASPAR/JASPAR2026_CORE_vertebrates_non-redundant.meme	MA0876.2	BSX	YVATTA	1.54e-9	8.33e-6	1.87e-2	5392	19557	19557	19557	7.57	460	2.35	298	1.52
320	motif_db/EUKARYOTE/jolma2013.meme	JDP2_DBD_2		GATGACGTCAYC	2.36e-8	8.65e-6	1.94e-2	366	19557	19557	19557	1.5	222	1.14	121	0.62
321	motif_db/JASPAR/JASPAR2026_CORE_vertebrates_non-redundant.meme	MA1950.2	FLI1::FOXI1	TAAACAGGAAR	3.49e-9	9.66e-6	2.17e-2	2765	19557	19557	19557	1.25	1484	7.59	1194	6.11
322	motif_db/EUKARYOTE/jolma2013.meme	MNX1_DBD		DNYAATTAAA	2.10e-9	1.04e-5	2.33e-2	4944	19557	19557	19557	1.72	1910	9.77	1578	8.07
323	motif_db/EUKARYOTE/jolma2013.meme	EVX2_DBD		VVTAATTAVB	2.41e-9	1.23e-5	2.77e-2	5122	19557	19557	19557	3.72	900	4.60	672	3.44
324	motif_db/EUKARYOTE/jolma2013.meme	RFX3_DBD_1		BGTTRCCATGGYAACS	2.79e-8	1.31e-5	2.94e-2	470	19557	19557	19557	155	38	0.19	4	0.02
325	motif_db/JASPAR/JASPAR2026_CORE_vertebrates_non-redundant.meme	MA1632.2	ATF2	ATGABGTCAT	7.00e-9	1.46e-5	3.28e-2	2082	19557	19557	19557	21.5	260	1.33	146	0.75
326	motif_db/JASPAR/JASPAR2026_CORE_vertebrates_non-redundant.meme	MA1938.2	ERF::NHLH1	VGCAGCTGCCGGAARY	4.39e-8	1.51e-5	3.40e-2	345	19557	19557	19557	2.1	221	1.13	122	0.62
327	motif_db/EUKARYOTE/jolma2013.meme	Rfx2_DBD_1		SGTTRCCATGGYAACS	5.54e-8	1.58e-5	3.55e-2	285	19557	19557	19557	171	28	0.14	1	0.01
328	motif_db/EUKARYOTE/jolma2013.meme	FOXC2_DBD_2		RTAAAYAAACA	5.65e-9	1.61e-5	3.61e-2	2844	19557	19557	19557	1.18	1569	8.02	1275	6.52
329	motif_db/EUKARYOTE/jolma2013.meme	BARHL2_DBD_1		NHTAAAYGNT	3.88e-9	1.99e-5	4.48e-2	5133	19557	19557	19557	3.26	823	4.21	608	3.11
330	motif_db/JASPAR/JASPAR2026_CORE_vertebrates_non-redundant.meme	MA0645.2	ETV6	SCGGAAGTR	8.72e-9	2.16e-5	4.85e-2	2474	19557	19557	19557	1.15	1352	6.91	1082	5.53
331	motif_db/MOUSE/uniprobe_mouse.meme	UP00207_1	Hoxb9_3413.1	VRRGCMATAAAAHYMD	1.16e-8	2.20e-5	4.94e-2	1896	19557	19557	19557	1.29	1067	5.46	829	4.24
332	motif_db/EUKARYOTE/jolma2013.meme	Jdp2_DBD_2		GATGACGTCAYC	6.18e-8	2.20e-5	4.95e-2	356	19557	19557	19557	1.36	225	1.15	126	0.64
333	motif_db/EUKARYOTE/jolma2013.meme	FOXO3_full_2		GTAAACAW	1.40e-8	2.34e-5	5.26e-2	1676	19557	19557	19557	1.12	940	4.81	718	3.67
334	motif_db/JASPAR/JASPAR2026_CORE_vertebrates_non-redundant.meme	MA0707.3	MNX1	YRATTA	4.66e-9	2.52e-5	5.66e-2	5400	19557	19557	19557	15.9	132	0.67	54	0.28
335	motif_db/EUKARYOTE/jolma2013.meme	CREB3_full_1		BNRTGACGTCAYCM	6.37e-8	2.67e-5	6.01e-2	420	19557	19557	19557	4.09	172	0.88	87	0.44
336	motif_db/MOUSE/uniprobe_mouse.meme	UP00197_1	Hoxc9_2367.2	NDVGGTCATTAAHYDB	1.34e-8	2.72e-5	6.12e-2	2037	19557	19557	19557	1.23	1140	5.83	895	4.58
337	motif_db/JASPAR/JASPAR2026_CORE_vertebrates_non-redundant.meme	MA0634.2	ALX3	YAATTA	4.77e-9	2.74e-5	6.17e-2	5751	19557	19557	19557	8.97	342	1.75	208	1.06
338	motif_db/JASPAR/JASPAR2026_CORE_vertebrates_non-redundant.meme	MA1554.2	RFX7	CGTTGCYA	5.71e-9	2.78e-5	6.24e-2	4860	19557	19557	19557	1.07	2613	13.36	2240	11.45
339	motif_db/JASPAR/JASPAR2026_CORE_vertebrates_non-redundant.meme	MA0834.2	ATF7	ATGACGTCAT	8.56e-8	2.81e-5	6.31e-2	328	19557	19557	19557	1.42	197	1.01	106	0.54
340	motif_db/EUKARYOTE/jolma2013.meme	HOXB13_DBD_2		SCTCGTAAAAH	2.80e-8	3.01e-5	6.76e-2	1074	19557	19557	19557	1.16	624	3.19	448	2.29
341	motif_db/EUKARYOTE/jolma2013.meme	ATF7_DBD		NDATGACGTCATMV	8.34e-8	3.04e-5	6.82e-2	364	19557	19557	19557	6.32	137	0.70	63	0.32
342	motif_db/EUKARYOTE/jolma2013.meme	En2_DBD		VSTAATTARB	8.98e-9	3.08e-5	6.93e-2	3433	19557	19557	19557	14.4	231	1.18	125	0.64
343	motif_db/MOUSE/uniprobe_mouse.meme	UP00223_1	Irx3_0920.1	DDNNTACATGTAMWWYW	1.74e-8	3.30e-5	7.42e-2	1898	19557	19557	19557	1.75	894	4.57	679	3.47
344	motif_db/JASPAR/JASPAR2026_CORE_vertebrates_non-redundant.meme	MA0687.2	SPIC	AAAAGVGGAAGTA	1.65e-8	3.62e-5	8.15e-2	2191	19557	19557	19557	1.33	1183	6.05	935	4.78
345	motif_db/JASPAR/JASPAR2026_CORE_vertebrates_non-redundant.meme	MA0908.2	HOXD11	RTCGTAAAA	2.28e-8	3.66e-5	8.23e-2	1609	19557	19557	19557	1.15	900	4.60	686	3.51
346	motif_db/EUKARYOTE/jolma2013.meme	LMX1A_DBD		YTAATTAA	7.61e-9	3.77e-5	8.47e-2	4954	19557	19557	19557	8.16	379	1.94	239	1.22
347	motif_db/JASPAR/JASPAR2026_CORE_vertebrates_non-redundant.meme	MA0686.2	SPDEF	AMCCGGATGT	4.88e-8	3.86e-5	8.68e-2	791	19557	19557	19557	1.17	470	2.40	321	1.64
348	motif_db/JASPAR/JASPAR2026_CORE_vertebrates_non-redundant.meme	MA0098.4	ETS1	ACCGGAART	1.86e-8	4.09e-5	9.20e-2	2207	19557	19557	19557	1.21	1172	5.99	926	4.73
349	motif_db/JASPAR/JASPAR2026_CORE_vertebrates_non-redundant.meme	MA0662.2	MIXL1	YAATTA	6.44e-9	4.14e-5	9.31e-2	6435	19557	19557	19557	7.8	401	2.05	256	1.31
350	motif_db/EUKARYOTE/jolma2013.meme	EVX1_DBD		VVTAATTABS	7.85e-9	4.29e-5	9.64e-2	5462	19557	19557	19557	4.08	794	4.06	587	3.00
351	motif_db/JASPAR/JASPAR2026_CORE_vertebrates_non-redundant.meme	MA1505.2	HOXC8	TAATTA	5.47e-9	4.57e-5	1.03e-1	8341	19557	19557	19557	7.34	535	2.74	365	1.87
352	motif_db/EUKARYOTE/jolma2013.meme	LMX1B_DBD		NYAATTAA	7.27e-9	4.89e-5	1.10e-1	6716	19557	19557	19557	4.4	776	3.97	571	2.92
353	motif_db/MOUSE/uniprobe_mouse.meme	UP00076_2	Rfxdc2_secondary	BBRCDTRGAKACSVNWH	1.86e-8	4.91e-5	1.10e-1	2645	19557	19557	19557	1.61	1172	5.99	926	4.73
354	motif_db/MOUSE/uniprobe_mouse.meme	UP00020_2	Atf1_secondary	SDATGACGADYAWN	1.01e-8	5.25e-5	1.18e-1	5186	19557	19557	19557	3.16	981	5.02	752	3.85
355	motif_db/EUKARYOTE/jolma2013.meme	RXRG_DBD_1		GRGGTCAAAGGTCA	3.99e-7	5.51e-5	1.24e-1	138	19557	19557	19557	321	25	0.13	1	0.01
356	motif_db/JASPAR/JASPAR2026_CORE_vertebrates_non-redundant.meme	MA1684.1	Foxn1	RGAMGC	8.74e-9	5.64e-5	1.27e-1	6449	19557	19557	19557	1.53	3325	17.00	2916	14.91
357	motif_db/EUKARYOTE/jolma2013.meme	FOXD2_DBD_1		HRHWAATATTKAYH	2.20e-8	5.76e-5	1.29e-1	2618	19557	19557	19557	1.34	1345	6.88	1083	5.54
358	motif_db/MOUSE/uniprobe_mouse.meme	UP00223_2	Irx3_2226.1	WDDNTACATGTAAWWYW	3.55e-8	6.04e-5	1.36e-1	1700	19557	19557	19557	1.34	933	4.77	718	3.67
359	motif_db/MOUSE/uniprobe_mouse.meme	UP00189_1	Hoxa5_3415.1	AMGKTAATTAVCWHAD	3.42e-8	6.39e-5	1.44e-1	1870	19557	19557	19557	5.15	410	2.10	270	1.38
360	motif_db/EUKARYOTE/jolma2013.meme	Rxrb_DBD		GGGGTCAAAGGTCA	7.70e-7	6.93e-5	1.56e-1	90	19557	19557	19557	108	24	0.12	1	0.01
361	motif_db/JASPAR/JASPAR2026_CORE_vertebrates_non-redundant.meme	MA0901.3	HOXB13	CCAATAAAA	2.71e-8	7.06e-5	1.59e-1	2607	19557	19557	19557	1.7	1132	5.79	893	4.57
362	motif_db/MOUSE/uniprobe_mouse.meme	UP00180_1	Hoxd13_2356.1	NNNYYAATAAAAHYNN	3.36e-8	7.34e-5	1.65e-1	2182	19557	19557	19557	1.22	1206	6.17	961	4.91
363	motif_db/JASPAR/JASPAR2026_CORE_vertebrates_non-redundant.meme	MA0705.2	Lhx8	TAATTA	1.25e-8	7.78e-5	1.75e-1	6242	19557	19557	19557	17.4	120	0.61	48	0.25
364	motif_db/JASPAR/JASPAR2026_CORE_vertebrates_non-redundant.meme	MA0832.2	Tcf21	AACAGCTGTT	1.74e-7	8.54e-5	1.92e-1	492	19557	19557	19557	5.88	163	0.83	83	0.42
365	motif_db/EUKARYOTE/jolma2013.meme	Barhl1_DBD_1		NHTAAAYGNY	1.83e-8	9.69e-5	2.18e-1	5294	19557	19557	19557	2.41	1033	5.28	802	4.10
366	motif_db/JASPAR/JASPAR2026_CORE_vertebrates_non-redundant.meme	MA0912.2	HOXD3	CTAATTAC	4.45e-8	9.90e-5	2.23e-1	2224	19557	19557	19557	2.58	813	4.16	614	3.14
367	motif_db/JASPAR/JASPAR2026_CORE_vertebrates_non-redundant.meme	MA1971.2	ZBED2	CGAAACC	3.73e-8	1.00e-4	2.25e-1	2683	19557	19557	19557	1.38	1214	6.21	969	4.95
368	motif_db/EUKARYOTE/jolma2013.meme	Creb5_DBD		NATGACGTCAYH	1.98e-7	1.03e-4	2.30e-1	519	19557	19557	19557	1.7	286	1.46	177	0.91
369	motif_db/EUKARYOTE/jolma2013.meme	CPEB1_full		AATAAAAA	3.00e-8	1.04e-4	2.33e-1	3454	19557	19557	19557	1.23	1753	8.96	1458	7.46
370	motif_db/MOUSE/uniprobe_mouse.meme	UP00391_1	Hoxa3_2783.2	TBGMRBTAATTARY	6.46e-8	1.04e-4	2.33e-1	1607	19557	19557	19557	1.74	722	3.69	537	2.75
371	motif_db/MOUSE/uniprobe_mouse.meme	UP00213_1	Hoxa9_2622.2	RCGGYCATWAAAWTADW	4.60e-8	1.07e-4	2.40e-1	2319	19557	19557	19557	1.41	1261	6.45	1013	5.18
372	motif_db/EUKARYOTE/jolma2013.meme	EHF_full		WACCCGGAAGTA	1.14e-7	1.11e-4	2.51e-1	982	19557	19557	19557	1.57	507	2.59	356	1.82
373	motif_db/MOUSE/uniprobe_mouse.meme	UP00024_2	Glis2_secondary	HDTATTAWTAAAGV	1.93e-8	1.14e-4	2.56e-1	5902	19557	19557	19557	1.13	3108	15.89	2720	13.91
374	motif_db/EUKARYOTE/jolma2013.meme	NR2F6_DBD_2		RAGGTCAAAGGTCA	9.49e-7	1.24e-4	2.79e-1	131	19557	19557	19557	607	20	0.10	0	0.00
375	motif_db/JASPAR/JASPAR2026_CORE_vertebrates_non-redundant.meme	MA0528.3	ZNF263	GGGAGGA	2.19e-8	1.35e-4	3.04e-1	6175	19557	19557	19557	1.34	2988	15.28	2608	13.34
376	motif_db/JASPAR/JASPAR2026_CORE_vertebrates_non-redundant.meme	MA0716.2	PRRX1	YAATTA	2.62e-8	1.35e-4	3.04e-1	5164	19557	19557	19557	12	309	1.58	188	0.96
377	motif_db/JASPAR/JASPAR2026_CORE_vertebrates_non-redundant.meme	MA1140.3	JUNB	ATGACGTCAYC	4.54e-7	1.42e-4	3.19e-1	313	19557	19557	19557	1.29	200	1.02	113	0.58
378	motif_db/EUKARYOTE/jolma2013.meme	FLI1_DBD_1		ACCGGAARTV	6.77e-8	1.58e-4	3.54e-1	2328	19557	19557	19557	1.14	1262	6.45	1017	5.20
379	motif_db/EUKARYOTE/jolma2013.meme	RFX5_DBD_3		SGTTRCCATRGCAACS	9.49e-7	1.61e-4	3.63e-1	170	19557	19557	19557	245	20	0.10	0	0.00
380	motif_db/EUKARYOTE/jolma2013.meme	RFX5_DBD_2		SGTTRCCATRGCAACS	9.49e-7	1.61e-4	3.63e-1	170	19557	19557	19557	245	20	0.10	0	0.00
381	motif_db/JASPAR/JASPAR2026_CORE_vertebrates_non-redundant.meme	MA1133.2	JUN::JUNB	KRTGACGTCAT	5.46e-8	1.69e-4	3.79e-1	3090	19557	19557	19557	2.12	1115	5.70	883	4.52
382	motif_db/JASPAR/JASPAR2026_CORE_vertebrates_non-redundant.meme	MA2493.1	ZNF322	KCCTGCTACWSWG	8.90e-8	1.69e-4	3.81e-1	1904	19557	19557	19557	1.67	909	4.65	703	3.59
383	motif_db/EUKARYOTE/jolma2013.meme	HOXB3_DBD		NNYMATTARN	3.16e-8	1.71e-4	3.85e-1	5428	19557	19557	19557	5.61	656	3.35	476	2.43
384	motif_db/EUKARYOTE/jolma2013.meme	ZNF238_full		NATCCAGATGTKB	9.53e-8	1.72e-4	3.86e-1	1799	19557	19557	19557	42.9	172	0.88	88	0.45
385	motif_db/JASPAR/JASPAR2026_CORE_vertebrates_non-redundant.meme	MA2101.1	ZNF677	RATAAGAACAGC	6.34e-8	1.73e-4	3.89e-1	2731	19557	19557	19557	1.42	1374	7.03	1118	5.72
386	motif_db/JASPAR/JASPAR2026_CORE_vertebrates_non-redundant.meme	MA0721.2	UNCX	YAATTA	2.90e-8	1.76e-4	3.97e-1	6076	19557	19557	19557	9.37	306	1.56	186	0.95
387	motif_db/EUKARYOTE/jolma2013.meme	E2F8_DBD		TTTCCCGCCAAA	1.27e-6	1.81e-4	4.07e-1	143	19557	19557	19557	29	29	0.15	3	0.02
388	motif_db/JASPAR/JASPAR2026_CORE_vertebrates_non-redundant.meme	MA2599.1	TIGD3	TTATGCAG	4.88e-8	1.98e-4	4.45e-1	4052	19557	19557	19557	2.68	1225	6.26	981	5.02
389	motif_db/JASPAR/JASPAR2026_CORE_vertebrates_non-redundant.meme	MA0492.2	JUND	RATGABGTCAT	1.94e-7	2.06e-4	4.62e-1	1060	19557	19557	19557	53.9	164	0.84	84	0.43
390	motif_db/MOUSE/uniprobe_mouse.meme	UP00164_1	Hoxa7_2668.2	SGMNTTAATTAATDNNC	8.35e-8	2.09e-4	4.69e-1	2499	19557	19557	19557	6.95	360	1.84	233	1.19
391	motif_db/EUKARYOTE/jolma2013.meme	HNF4A_full_2		GGGGTCAAAGGTCA	1.54e-6	2.14e-4	4.82e-1	139	19557	19557	19557	49.7	38	0.19	7	0.04
392	motif_db/EUKARYOTE/jolma2013.meme	HOXB5_DBD		NNYMATTADN	2.29e-8	2.14e-4	4.82e-1	9368	19557	19557	19557	5.33	485	2.48	330	1.69
393	motif_db/JASPAR/JASPAR2026_CORE_vertebrates_non-redundant.meme	MA1537.2	NR2F1	RGGTCAAAGGTCA	9.49e-7	2.44e-4	5.48e-1	257	19557	19557	19557	1.05e+03	20	0.10	0	0.00
394	motif_db/JASPAR/JASPAR2026_CORE_vertebrates_non-redundant.meme	MA1481.2	DRGX	YAATTA	5.74e-8	2.44e-4	5.50e-1	4259	19557	19557	19557	11.1	400	2.05	264	1.35
395	motif_db/MOUSE/uniprobe_mouse.meme	UP00133_1	Cdx2_4272.1	DVVGGYMATAAAAYKH	1.64e-7	2.48e-4	5.57e-1	1513	19557	19557	19557	1.39	783	4.00	596	3.05
396	motif_db/JASPAR/JASPAR2026_CORE_vertebrates_non-redundant.meme	MA0720.2	Shox2	YAATTA	6.78e-8	2.49e-4	5.60e-1	3673	19557	19557	19557	21.5	142	0.73	66	0.34
397	motif_db/JASPAR/JASPAR2026_CORE_vertebrates_non-redundant.meme	MA0701.3	LHX9	CYAATTA	9.83e-8	2.63e-4	5.92e-1	2678	19557	19557	19557	7.22	490	2.51	341	1.74
398	motif_db/JASPAR/JASPAR2026_CORE_vertebrates_non-redundant.meme	MA1136.1	FOSB::JUNB	RTGACGTCAT	9.64e-8	2.69e-4	6.05e-1	2790	19557	19557	19557	32.8	158	0.81	78	0.40
399	motif_db/JASPAR/JASPAR2026_CORE_vertebrates_non-redundant.meme	MA0605.3	ATF3	RTGACGTCAY	1.23e-6	2.75e-4	6.18e-1	223	19557	19557	19557	2.19	127	0.65	62	0.32
400	motif_db/EUKARYOTE/jolma2013.meme	LMX1B_full		BYAATTAM	5.06e-8	2.86e-4	6.43e-1	5651	19557	19557	19557	2.25	1464	7.49	1198	6.13
401	motif_db/EUKARYOTE/jolma2013.meme	DLX5_FL		NYAATTAN	5.66e-8	2.89e-4	6.51e-1	5117	19557	19557	19557	15.2	164	0.84	81	0.41
402	motif_db/JASPAR/JASPAR2026_CORE_vertebrates_non-redundant.meme	MA2538.1	CGGBP1	CCGCCGCCGCCG	3.55e-6	2.98e-4	6.71e-1	84	19557	19557	19557	2.87	57	0.29	18	0.09
403	motif_db/JASPAR/JASPAR2026_CORE_vertebrates_non-redundant.meme	MA0875.2	BARX1	CMATTA	6.36e-8	3.12e-4	7.02e-1	4907	19557	19557	19557	2.64	1545	7.90	1274	6.51
404	motif_db/EUKARYOTE/jolma2013.meme	RFX5_DBD_1		SGTTGCCATGGYAACV	1.90e-6	3.15e-4	7.09e-1	166	19557	19557	19557	249	19	0.10	0	0.00
405	motif_db/EUKARYOTE/jolma2013.meme	RXRB_DBD		GGGGTCAAAGGTCA	2.81e-6	3.23e-4	7.25e-1	115	19557	19557	19557	164	25	0.13	2	0.01
406	motif_db/JASPAR/JASPAR2026_CORE_vertebrates_non-redundant.meme	MA2323.1	Pgr	AAGAACAAANTGTTCTT	2.30e-7	3.38e-4	7.60e-1	1470	19557	19557	19557	2.26	681	3.48	509	2.60
407	motif_db/JASPAR/JASPAR2026_CORE_vertebrates_non-redundant.meme	MA1126.2	FOS::JUN	RTGACGTCAT	8.17e-8	3.44e-4	7.74e-1	4219	19557	19557	19557	2.03	1489	7.61	1225	6.26
408	motif_db/MOUSE/uniprobe_mouse.meme	UP00121_1	Hoxd10_2368.2	VRKNYAATAAAATDDWN	1.17e-7	3.48e-4	7.83e-1	2982	19557	19557	19557	1.33	1551	7.93	1285	6.57
409	motif_db/MOUSE/uniprobe_mouse.meme	UP00001_2	E2F2_secondary	NNNWYGGCGCCAANNKB	1.68e-7	3.56e-4	8.00e-1	2117	19557	19557	19557	1.22	1172	5.99	943	4.82
410	motif_db/JASPAR/JASPAR2026_CORE_vertebrates_non-redundant.meme	MA0075.4	PRRX2	CTAATTA	1.85e-7	3.58e-4	8.05e-1	1936	19557	19557	19557	7.75	497	2.54	350	1.79
411	motif_db/EUKARYOTE/jolma2013.meme	RUNX3_DBD_3		HRACCGCARWAACCRCAR	7.08e-7	3.84e-4	8.62e-1	542	19557	19557	19557	1.91	321	1.64	210	1.07
412	motif_db/EUKARYOTE/jolma2013.meme	FOXC1_DBD_1		AARTAAAYAAACA	1.81e-7	4.01e-4	9.01e-1	2213	19557	19557	19557	1.72	1087	5.56	867	4.43
413	motif_db/JASPAR/JASPAR2026_CORE_vertebrates_non-redundant.meme	MA0656.2	JDP2	ATGACGTCAY	1.38e-6	4.14e-4	9.31e-1	299	19557	19557	19557	1.21	189	0.97	108	0.55
414	motif_db/JASPAR/JASPAR2026_CORE_vertebrates_non-redundant.meme	MA0717.2	RAX2	YAATTA	6.78e-8	4.33e-4	9.74e-1	6390	19557	19557	19557	13.5	142	0.73	66	0.34
415	motif_db/EUKARYOTE/jolma2013.meme	RXRA_DBD_1		GRGGTCAAAGGTCA	2.81e-6	4.40e-4	9.90e-1	157	19557	19557	19557	255	25	0.13	2	0.01
416	motif_db/JASPAR/JASPAR2026_CORE_vertebrates_non-redundant.meme	MA0117.3	Mafb	AWWNTGCTGAC	9.33e-8	4.47e-4	1.01e0	4797	19557	19557	19557	1.26	2402	12.28	2073	10.60
417	motif_db/EUKARYOTE/jolma2013.meme	HOXA13_DBD_2		BCTCGTAAAAH	3.43e-7	4.67e-4	1.05e0	1363	19557	19557	19557	1.94	538	2.75	388	1.98
418	motif_db/EUKARYOTE/jolma2013.meme	Mafb_DBD_1		AWWNTGCTGACD	1.08e-7	4.98e-4	1.12e0	4628	19557	19557	19557	1.19	2412	12.33	2084	10.66
419	motif_db/JASPAR/JASPAR2026_CORE_vertebrates_non-redundant.meme	MA0856.1	RXRG	GRGGTCAAAGGTCA	5.46e-6	5.13e-4	1.15e0	94	19557	19557	19557	313	21	0.11	1	0.01
420	motif_db/EUKARYOTE/jolma2013.meme	SPDEF_full_1		AMCCGGATGTR	6.19e-7	5.22e-4	1.17e0	843	19557	19557	19557	1.62	415	2.12	287	1.47
421	motif_db/JASPAR/JASPAR2026_CORE_vertebrates_non-redundant.meme	MA0630.2	SHOX	TAATTR	8.97e-8	5.22e-4	1.17e0	5822	19557	19557	19557	14.2	154	0.79	75	0.38
422	motif_db/JASPAR/JASPAR2026_CORE_vertebrates_non-redundant.meme	MA1484.2	ETS2	ACCGGAAGY	4.52e-7	5.53e-4	1.24e0	1224	19557	19557	19557	1.13	690	3.53	521	2.66
423	motif_db/JASPAR/JASPAR2026_CORE_vertebrates_non-redundant.meme	MA1139.2	FOSL2::JUNB	ATGACGTCAT	3.83e-7	5.57e-4	1.25e0	1456	19557	19557	19557	24.6	163	0.83	85	0.43
424	motif_db/JASPAR/JASPAR2026_CORE_vertebrates_non-redundant.meme	MA0512.2	Rxra	GRGGTCAAAGGTCA	5.21e-6	5.84e-4	1.31e0	112	19557	19557	19557	217	24	0.12	2	0.01
425	motif_db/EUKARYOTE/jolma2013.meme	FLI1_full_2		ACCGGAAATCCGGT	7.47e-6	5.90e-4	1.33e0	79	19557	19557	19557	6.1	35	0.18	7	0.04
426	motif_db/MOUSE/uniprobe_mouse.meme	UP00041_1	Foxj1_primary	ANHRTAAACAAANNND	1.33e-7	5.97e-4	1.34e0	4489	19557	19557	19557	1.37	2166	11.08	1856	9.49
427	motif_db/EUKARYOTE/jolma2013.meme	RXRA_full_1		GRGGTCAAAGGTCA	4.19e-6	5.98e-4	1.35e0	143	19557	19557	19557	127	27	0.14	3	0.02
428	motif_db/JASPAR/JASPAR2026_CORE_vertebrates_non-redundant.meme	MA1577.2	TLX2	YAATTA	2.10e-7	6.03e-4	1.36e0	2879	19557	19557	19557	25.2	137	0.70	65	0.33
429	motif_db/JASPAR/JASPAR2026_CORE_vertebrates_non-redundant.meme	MA1602.2	ZSCAN29	YGTCTACRCNG	1.03e-6	6.40e-4	1.44e0	621	19557	19557	19557	7.04	154	0.79	81	0.41
430	motif_db/JASPAR/JASPAR2026_CORE_vertebrates_non-redundant.meme	MA1112.3	NR4A1	AAAGGTCA	2.05e-7	6.78e-4	1.53e0	3316	19557	19557	19557	11.5	369	1.89	244	1.25
431	motif_db/EUKARYOTE/jolma2013.meme	ETS1_full_2		GCCGGAWGTACTTCCGGH	1.91e-5	6.89e-4	1.55e0	36	19557	19557	19557	3.76	29	0.15	5	0.03
432	motif_db/JASPAR/JASPAR2026_CORE_vertebrates_non-redundant.meme	MA0909.4	Hoxd13	CAATAAA	4.85e-7	7.02e-4	1.58e0	1447	19557	19557	19557	13.6	373	1.91	251	1.28
433	motif_db/JASPAR/JASPAR2026_CORE_vertebrates_non-redundant.meme	MA0855.1	RXRB	GGGGTCAAAGGTCA	9.66e-6	7.05e-4	1.59e0	73	19557	19557	19557	83.3	23	0.12	2	0.01
434	motif_db/MOUSE/uniprobe_mouse.meme	UP00174_1	Hoxa2_3079.1	AVGGTAATTASCHMAN	5.16e-7	7.34e-4	1.65e0	1423	19557	19557	19557	4.76	352	1.80	234	1.20
435	motif_db/EUKARYOTE/jolma2013.meme	ETS1_DBD_2		ACCGGAWGYRCWTCCGGT	7.56e-6	7.78e-4	1.75e0	103	19557	19557	19557	2.28	73	0.37	29	0.15
436	motif_db/MOUSE/uniprobe_mouse.meme	UP00073_1	Foxa2_primary	HWWAWGTAAAYAAANNN	3.64e-7	7.81e-4	1.75e0	2147	19557	19557	19557	2.65	819	4.19	633	3.24
437	motif_db/JASPAR/JASPAR2026_CORE_vertebrates_non-redundant.meme	MA0654.2	ISX	YAATTA	4.53e-7	7.83e-4	1.76e0	1729	19557	19557	19557	26.6	143	0.73	71	0.36
438	motif_db/JASPAR/JASPAR2026_CORE_vertebrates_non-redundant.meme	MA0710.2	NOTO	YTAATTA	1.65e-7	7.88e-4	1.77e0	4782	19557	19557	19557	6.28	743	3.80	561	2.87
439	motif_db/MOUSE/uniprobe_mouse.meme	UP00241_1	Hoxd3_1742.2	HTGDDBTAATTAMHBT	3.31e-7	8.52e-4	1.92e0	2576	19557	19557	19557	3	788	4.03	605	3.09
440	motif_db/JASPAR/JASPAR2026_CORE_vertebrates_non-redundant.meme	MA1145.2	FOSL2::JUND	RTGACGTCAY	4.23e-7	8.56e-4	1.92e0	2022	19557	19557	19557	3.57	567	2.90	414	2.12
441	motif_db/JASPAR/JASPAR2026_CORE_vertebrates_non-redundant.meme	MA1518.3	Lhx1	GCTAATTAGC	3.86e-7	8.58e-4	1.93e0	2224	19557	19557	19557	5.41	373	1.91	250	1.28
442	motif_db/JASPAR/JASPAR2026_CORE_vertebrates_non-redundant.meme	MA0693.4	Vdr	GAGTTCA	1.44e-7	8.81e-4	1.98e0	6100	19557	19557	19557	1.48	2468	12.62	2140	10.94
443	motif_db/MOUSE/uniprobe_mouse.meme	UP00264_1	Hoxa1_3425.1	CTRAGCTAATTAMYKY	1.01e-6	8.81e-4	1.98e0	875	19557	19557	19557	1.67	462	2.36	329	1.68
444	motif_db/EUKARYOTE/jolma2013.meme	HOXA1_DBD		NBYAATTAVV	1.53e-7	9.31e-4	2.09e0	6100	19557	19557	19557	9.39	336	1.72	216	1.10
445	motif_db/EUKARYOTE/jolma2013.meme	RXRG_full_1		GGGGTCAAAGGTCA	1.52e-5	9.43e-4	2.12e0	62	19557	19557	19557	397	16	0.08	0	0.00
446	motif_db/JASPAR/JASPAR2026_CORE_vertebrates_non-redundant.meme	MA2677.1	HOXD1	VYTAATTAS	9.89e-7	9.55e-4	2.15e0	966	19557	19557	19557	49.5	94	0.48	39	0.20
447	motif_db/JASPAR/JASPAR2026_CORE_vertebrates_non-redundant.meme	MA0894.2	HESX1	TAATTR	4.24e-7	9.70e-4	2.18e0	2292	19557	19557	19557	28.2	104	0.53	44	0.22
448	motif_db/MOUSE/uniprobe_mouse.meme	UP00146_2	Pou6f1_3733.1	VHHVATAATGAGSTKKM	1.10e-6	1.04e-3	2.34e0	944	19557	19557	19557	1.43	534	2.73	391	2.00
449	motif_db/EUKARYOTE/jolma2013.meme	Dlx2_DBD		VYAATTAN	2.88e-7	1.04e-3	2.34e0	3620	19557	19557	19557	20.4	164	0.84	85	0.43
450	motif_db/JASPAR/JASPAR2026_CORE_vertebrates_non-redundant.meme	MA0027.3	EN1	YAATTA	2.09e-7	1.09e-3	2.45e0	5209	19557	19557	19557	14.8	287	1.47	178	0.91
451	motif_db/EUKARYOTE/jolma2013.meme	Foxj3_DBD_2		GTAAACARTAAACA	6.53e-7	1.11e-3	2.50e0	1701	19557	19557	19557	7.75	330	1.69	217	1.11
452	motif_db/JASPAR/JASPAR2026_CORE_vertebrates_non-redundant.meme	MA0906.2	HOXC12	RGTCGTAAAA	1.63e-6	1.12e-3	2.51e0	685	19557	19557	19557	1.65	335	1.71	225	1.15
453	motif_db/EUKARYOTE/jolma2013.meme	ELF3_full		WACCCGGAAGTAR	2.98e-6	1.15e-3	2.59e0	386	19557	19557	19557	1.42	232	1.19	144	0.74
454	motif_db/EUKARYOTE/jolma2013.meme	ETV6_full_2		MSCGGAAGTR	4.75e-7	1.16e-3	2.61e0	2447	19557	19557	19557	1.46	1135	5.80	918	4.69
455	motif_db/EUKARYOTE/jolma2013.meme	HOXC11_full_1		RGTCGTAAAAN	9.72e-7	1.19e-3	2.67e0	1221	19557	19557	19557	1.16	689	3.52	525	2.68
456	motif_db/EUKARYOTE/jolma2013.meme	Barhl1_DBD_3		TAAWYGBYSHTAAWYG	1.30e-6	1.20e-3	2.70e0	924	19557	19557	19557	9.03	164	0.84	89	0.46
457	motif_db/JASPAR/JASPAR2026_CORE_vertebrates_non-redundant.meme	MA0726.2	VSX2	CTAATTA	3.48e-7	1.26e-3	2.83e0	3626	19557	19557	19557	13.3	253	1.29	153	0.78
458	motif_db/EUKARYOTE/jolma2013.meme	RUNX2_DBD_1		WRACCGCAAACCGCAR	1.43e-6	1.31e-3	2.95e0	917	19557	19557	19557	9.81	169	0.86	93	0.48
459	motif_db/MOUSE/uniprobe_mouse.meme	UP00128_1	Pou3f2_2824.1	SNWAATTAATTARKDND	1.16e-6	1.34e-3	3.02e0	1153	19557	19557	19557	23.8	107	0.55	48	0.25
460	motif_db/JASPAR/JASPAR2026_CORE_vertebrates_non-redundant.meme	MA1503.2	HOXB9	GTCGTAAAA	1.55e-6	1.37e-3	3.07e0	884	19557	19557	19557	1.31	484	2.47	350	1.79
461	motif_db/JASPAR/JASPAR2026_CORE_vertebrates_non-redundant.meme	MA0488.2	JUN	ATGATGTCAT	1.14e-6	1.39e-3	3.13e0	1220	19557	19557	19557	194	89	0.46	36	0.18
462	motif_db/JASPAR/JASPAR2026_CORE_vertebrates_non-redundant.meme	MA0840.2	Creb5	ATGACGTCAY	3.70e-6	1.47e-3	3.29e0	396	19557	19557	19557	3.98	168	0.86	95	0.49
463	motif_db/EUKARYOTE/jolma2013.meme	ETS1_DBD_1		ACCGGAARTR	6.95e-7	1.47e-3	3.31e0	2123	19557	19557	19557	1.13	1169	5.98	952	4.87
464	motif_db/JASPAR/JASPAR2026_CORE_vertebrates_non-redundant.meme	MA0882.2	DLX6	YAATTA	3.00e-7	1.51e-3	3.39e0	5023	19557	19557	19557	19.2	114	0.58	50	0.26
465	motif_db/MOUSE/uniprobe_mouse.meme	UP00240_1	Cdx1_2245.1	WDVGGTMATAAAAYKH	9.13e-7	1.55e-3	3.49e0	1703	19557	19557	19557	1.4	887	4.54	700	3.58
466	motif_db/EUKARYOTE/jolma2013.meme	Nr2f6_DBD_2		RAGGTCAAAGGTCA	1.52e-5	1.58e-3	3.55e0	104	19557	19557	19557	615	16	0.08	0	0.00
467	motif_db/EUKARYOTE/jolma2013.meme	ERG_DBD_1		ACCGGAARTV	7.09e-7	1.58e-3	3.56e0	2232	19557	19557	19557	1.24	1160	5.93	944	4.83
468	motif_db/JASPAR/JASPAR2026_CORE_vertebrates_non-redundant.meme	MA0510.3	RFX5	GTTGCCATGGYAAC	9.58e-6	1.77e-3	3.98e0	185	19557	19557	19557	13.1	58	0.30	20	0.10
469	motif_db/MOUSE/uniprobe_mouse.meme	UP00206_1	Hoxb7_3953.1	SBABTAATTAMTGNHR	1.10e-6	1.78e-3	3.99e0	1614	19557	19557	19557	11.7	203	1.04	118	0.60
470	motif_db/JASPAR/JASPAR2026_CORE_vertebrates_non-redundant.meme	MA1723.2	PRDM9	RGDGGGVAGGGRGGVRRMAR	1.17e-6	1.78e-3	4.01e0	1520	19557	19557	19557	2.21	785	4.01	611	3.12
471	motif_db/JASPAR/JASPAR2026_CORE_vertebrates_non-redundant.meme	MA0842.3	NRL	AWWNTGCTGACG	1.38e-6	1.87e-3	4.21e0	1358	19557	19557	19557	3.76	453	2.32	323	1.65
472	motif_db/JASPAR/JASPAR2026_CORE_vertebrates_non-redundant.meme	MA0718.2	RAX	YAATTA	5.83e-7	1.93e-3	4.33e0	3308	19557	19557	19557	21.9	128	0.65	61	0.31
473	motif_db/JASPAR/JASPAR2026_CORE_vertebrates_non-redundant.meme	MA0095.4	Yy1	CAAAATGG	4.17e-7	1.96e-3	4.40e0	4700	19557	19557	19557	2.06	1762	9.01	1492	7.63
474	motif_db/MOUSE/uniprobe_mouse.meme	UP00029_1	Tbp_primary	NYHWTWTATAWAWHTN	7.31e-7	2.05e-3	4.61e0	2809	19557	19557	19557	1.19	1505	7.70	1260	6.44
475	motif_db/JASPAR/JASPAR2026_CORE_vertebrates_non-redundant.meme	MA0497.2	MEF2C	CYAAAAATAGM	1.08e-6	2.10e-3	4.73e0	1954	19557	19557	19557	2.46	654	3.34	495	2.53
476	motif_db/JASPAR/JASPAR2026_CORE_vertebrates_non-redundant.meme	MA0136.4	Elf5	AAGGAAGT	4.72e-7	2.14e-3	4.82e0	4547	19557	19557	19557	3.4	1265	6.47	1036	5.30
477	motif_db/JASPAR/JASPAR2026_CORE_vertebrates_non-redundant.meme	MA0907.2	HOXC13	CTCGTAAAA	2.60e-6	2.23e-3	5.02e0	859	19557	19557	19557	1.25	476	2.43	346	1.77
478	motif_db/JASPAR/JASPAR2026_CORE_vertebrates_non-redundant.meme	MA0486.2	HSF1	TTCTAGAAYRTTC	9.00e-6	2.26e-3	5.07e0	251	19557	19557	19557	1.66	150	0.77	84	0.43
479	motif_db/MOUSE/uniprobe_mouse.meme	UP00039_1	Foxj3_primary	NDAADGTAAACAAANNM	1.03e-6	2.28e-3	5.13e0	2224	19557	19557	19557	5.35	476	2.43	341	1.74
480	motif_db/MOUSE/uniprobe_mouse.meme	UP00260_1	Hoxc6_3954.2	YRAVKTAATTAMBWRNN	1.16e-6	2.34e-3	5.26e0	2011	19557	19557	19557	1.22	1108	5.67	901	4.61
481	motif_db/JASPAR/JASPAR2026_CORE_vertebrates_non-redundant.meme	MA0002.3	Runx1	YTGTGGTTT	3.45e-7	2.35e-3	5.29e0	6827	19557	19557	19557	1.2	3402	17.40	3037	15.53
482	motif_db/MOUSE/uniprobe_mouse.meme	UP00214_1	Hoxb5_3122.2	ANGKTAATTASCHMAT	1.58e-6	2.42e-3	5.45e0	1537	19557	19557	19557	1.33	850	4.35	671	3.43
483	motif_db/JASPAR/JASPAR2026_CORE_vertebrates_non-redundant.meme	MA1623.2	Stat2	GAAACAGAAA	6.23e-7	2.49e-3	5.59e0	4000	19557	19557	19557	1.17	2139	10.94	1848	9.45
484	motif_db/JASPAR/JASPAR2026_CORE_vertebrates_non-redundant.meme	MA1550.2	PPARD	RRGGTCAAAGGTCA	1.04e-5	2.50e-3	5.63e0	240	19557	19557	19557	1.43e+03	20	0.10	1	0.01
485	motif_db/EUKARYOTE/jolma2013.meme	Rxra_DBD_1		RRGGTCAAAGGTCA	9.58e-6	2.56e-3	5.77e0	268	19557	19557	19557	345	28	0.14	4	0.02
486	motif_db/EUKARYOTE/jolma2013.meme	Tcf21_DBD		RYAACAGCTGTTRN	5.48e-6	2.59e-3	5.83e0	474	19557	19557	19557	4.18	173	0.88	100	0.51
487	motif_db/EUKARYOTE/jolma2013.meme	MAFK_DBD_1		DWWWDTGCTGAS	6.08e-7	2.66e-3	5.97e0	4371	19557	19557	19557	1.38	2103	10.75	1814	9.28
488	motif_db/EUKARYOTE/jolma2013.meme	Lhx4_DBD		YTAATTAR	5.04e-7	2.69e-3	6.05e0	5345	19557	19557	19557	9.8	319	1.63	207	1.06
489	motif_db/EUKARYOTE/jolma2013.meme	ZNF238_DBD		MWTCCAGATGTKB	2.22e-6	2.69e-3	6.06e0	1214	19557	19557	19557	27.3	166	0.85	92	0.47
490	motif_db/JASPAR/JASPAR2026_CORE_vertebrates_non-redundant.meme	MA1953.2	FOXO1::ELF1	RTMAACAGGAAGT	1.17e-6	2.83e-3	6.37e0	2426	19557	19557	19557	1.3	1313	6.71	1088	5.56
491	motif_db/EUKARYOTE/jolma2013.meme	GRHL1_full		AAAACCGGTTTD	3.11e-6	2.87e-3	6.44e0	923	19557	19557	19557	2.55	346	1.77	237	1.21
492	motif_db/JASPAR/JASPAR2026_CORE_vertebrates_non-redundant.meme	MA1936.2	ERF::FOXO1	RTMAACAGGAAR	1.24e-6	3.01e-3	6.76e0	2434	19557	19557	19557	1.34	1260	6.44	1040	5.32
493	motif_db/EUKARYOTE/jolma2013.meme	ETV1_DBD		ACCGGAAGTD	1.20e-6	3.08e-3	6.93e0	2564	19557	19557	19557	1.14	1377	7.04	1147	5.86
494	motif_db/MOUSE/uniprobe_mouse.meme	UP00238_1	Nkx6-3_3446.1	GVNWATTAATTAVTBNK	1.69e-6	3.18e-3	7.16e0	1884	19557	19557	19557	1.37	993	5.08	800	4.09
495	motif_db/JASPAR/JASPAR2026_CORE_vertebrates_non-redundant.meme	MA1957.1	HOXB2::ELK1	RCCGGAAGTMRTTA	7.18e-6	3.26e-3	7.33e0	455	19557	19557	19557	1.49	270	1.38	178	0.91
496	motif_db/EUKARYOTE/jolma2013.meme	ERG_full_1		ACCGGAARTR	2.22e-6	3.96e-3	8.90e0	1784	19557	19557	19557	1.14	985	5.04	795	4.07
497	motif_db/JASPAR/JASPAR2026_CORE_vertebrates_non-redundant.meme	MA0125.2	Nobox	TAATTR	9.95e-7	4.15e-3	9.32e0	4179	19557	19557	19557	1.16	2018	10.32	1740	8.90

# AME (Analysis of Motif Enrichment): Version 5.5.9 compiled on Nov 21 2025 at 19:28:00
# The format of this file is described at https://meme-suite.org/meme/doc/ame-output-format.html.
# ame --verbose 1 --oc . --scoring avg --method fisher --hit-lo-fraction 0.25 --evalue-report-threshold 10.0 --control --shuffle-- --kmer 2 vertebrata_cne.fa motif_db/JASPAR/JASPAR2026_CORE_vertebrates_non-redundant.meme motif_db/EUKARYOTE/jolma2013.meme motif_db/MOUSE/uniprobe_mouse.meme
